"","nom_taxon","nom_commun","n"
"1","  ","CHENE",4
"2","  ","FONTENESIA",1
"3","  ","MAGNIOLIA GRANDIFORA",1
"4","  ","PEUPLIER",1
"5","ABIES  ","SAPIN",13
"6","ABIES ALBA ","SAPIN",1
"7","ABIES AUTRE ","SAPIN",1
"8","ABIES CEPHALONICA ","SAPIN",2
"9","ABIES CONCOLOR ","SAPIN",1
"10","ABIES CONCOLOR NA","SAPIN DU COLORADO",1
"11","ABIES GRANDIS ","SAPIN",15
"12","ABIES GRANDIS NA","SAPIN DE VANCOUVER",11
"13","ABIES NORDMANIANA ","SAPIN",17
"14","ABIES NORDMANNIANA NA","SAPIN DE NORDMANN",6
"15","ABIES NUMIDICA ","SAPIN",1
"16","ABIES PINSAPO NA","SAPIN D'ANDALOUSIE",2
"17","ABIES PUNGENS KOSTER","SAPIN",3
"18","ABIES SP. NA","SAPIN",7
"19","ACACIA  ","ACACIA",19
"20","ACACIA AUTRE ","ACACIA",2
"21","ACACIA DEALBATA ","ACACIA",7
"22","ACACIA DEALBATA NA","MIMOSA D'HIVER",1
"23","ACACIA PSEUDOACACIA ","ACACIA",3
"24","ACER  ","ERABLE",211
"25","ACER  GLOBOSUM","ERABLE",4
"26","ACER  WIERI","ERABLE",7
"27","ACER AUTRE ","ERABLE",101
"28","ACER AUTRE AUTRE","ERABLE",10
"29","ACER AVIUM ","ERABLE",1
"30","ACER BUERGERIANUM NA","ERABLE DE BUERGER",3
"31","ACER BUERGERIANUM NA","ERABLE TRIDENT",3
"32","ACER CAMPESTRE NA","ERABLE CHAMPETRE",146
"33","ACER CAMPESTRE NA","ERABLE CHAMPÊTRE",2
"34","ACER CAMPESTRIS ","ERABLE",907
"35","ACER CAMPESTRIS AMANOGAWA","ERABLE",1
"36","ACER CAMPESTRIS AUTRE","ERABLE",1
"37","ACER CAMPESTRIS ELSRIJK","ERABLE",4
"38","ACER CAMPESTRIS NA","ERABLE CHAMPÊTRE",10
"39","ACER CAPILLIPES NA","ERABLE JASPE DE ROUGE",1
"40","ACER CAPPADOCICUM ","ERABLE",11
"41","ACER CAPPADOCICUM AUREUM","ERABLE",11
"42","ACER CAPPADOCICUM NA","ERABLE DE CAPPADOCE",12
"43","ACER CARPINIFOLIUM NA","ERABLE A FEUILLE DE CHARME",1
"44","ACER COMPESTRIS NA","ERABLE CHAMPETRE",2
"45","ACER DAVIDII ","ERABLE",30
"46","ACER DAVIDII NA","ERABLE DU PÈRE DAVID",10
"47","ACER DAVIDII ROSE","ERABLE DU PÈRE DAVID",1
"48","ACER DISTICHUM ","ERABLE",2
"49","ACER FREEMANII ","ERABLE",1
"50","ACER FREEMANII AUTUMN BLAZE","ERABLE",11
"51","ACER FREEMANII CELEBRATION","ERABLE",21
"52","ACER GINNALA ","ERABLE",62
"53","ACER GINNALA NA","ERABLE DU FLEUVE D'AMOUR",3
"54","ACER GLOBOSUM ","ERABLE",17
"55","ACER JAPONICUM ","ERABLE",2
"56","ACER NA NA","ERABLE",18
"57","ACER NEGUNDO ","ERABLE",65
"58","ACER NEGUNDO 'AUREO-VARIEGATU","ERABLE",1
"59","ACER NEGUNDO AUREA","ERABLE",15
"60","ACER NEGUNDO AUREO-VARIEGATUM","ERABLE",170
"61","ACER NEGUNDO AUREOMARGINATA","ERABLE",1
"62","ACER NEGUNDO NA","ERABLE À FEUILLES DE FRENE",1
"63","ACER NEGUNDO NA","ERABLE NEGUNDO",64
"64","ACER NEGUNDO PANACHE","ERABLE",1
"65","ACER NEGUNDO VARIEGATA","ERABLE",1
"66","ACER NEGUNDO VARIEGATUM","ERABLE",3
"67","ACER NEGUNGO ","ERABLE",1
"68","ACER NIGRA ","ERABLE",1
"69","ACER ORIENTALIS ","ERABLE",1
"70","ACER PALMATUM ","ERABLE",30
"71","ACER PALMATUM ATROPURPUREA","ERABLE",1
"72","ACER PALMATUM AUTRE","ERABLE",1
"73","ACER PALMATUM DISECTUM","ERABLE",1
"74","ACER PALMATUM NA","ERABLE DU JAPON",3
"75","ACER PALMATUM OSAKAZUKI","ERABLE",4
"76","ACER PALMATUM SANGO KAKU","ERABLE",3
"77","ACER PLATA ","ERABLE",1
"78","ACER PLATANOIDES ","CHENE",4
"79","ACER PLATANOIDES ","ERABLE",1106
"80","ACER PLATANOIDES 'CRIMSON","ERABLE POURPRE",3
"81","ACER PLATANOIDES 'GLOBOSUM'","ERABLE",5
"82","ACER PLATANOIDES AUTRE","ERABLE",2
"83","ACER PLATANOIDES COLUMNARE","ERABLE",201
"84","ACER PLATANOIDES CRIMSON-SENTRY","ERABLE",17
"85","ACER PLATANOIDES EMERALD QUEEN","ERABLE",17
"86","ACER PLATANOIDES GLOBOSUM","ERABLE",97
"87","ACER PLATANOIDES NA","ERABLE PLANE",395
"88","ACER PLATANOIDES NA","ERABLE POURPRE",2
"89","ACER PLATANOIDES POURPRE","ERABLE",3
"90","ACER PLATANOIDES SCHWEDLERI","ERABLE",52
"91","ACER PSEUDOPLATANUS ","ERABLE",138
"92","ACER PSEUDOPLATANUS ERECTUM","ERABLE",35
"93","ACER PSEUDOPLATANUS LEOPOLDII","ERABLE",31
"94","ACER PSEUDOPLATANUS NA","ERABLE SYCOMORE",334
"95","ACER PSEUDOPLATANUS PURPUREA","ERABLE",1
"96","ACER PSEUDOPLATANUS SCHWEDLERI","ERABLE",1
"97","ACER RUBRA ","ERABLE",12
"98","ACER RUBRUM NA","ERABLE ROUGE",24
"99","ACER SACCHARINUM ","ERABLE",79
"100","ACER SACCHARINUM ","MURIER A PAPIER",8
"101","ACER SACCHARINUM LACINIATUM","ERABLE",5
"102","ACER SACCHARINUM LACINIATUM WIERI","ERABLE",83
"103","ACER SACCHARINUM NA","ERABLE ARGENTE",57
"104","ACER SACCHARINUM NA","ERABLE ARGENTÉ",1
"105","ACER SACCHARINUM PYRAMIDALIS","ERABLE",3
"106","ACER SACCHARINUM WIERI","ERABLE",40
"107","ACER SCHWCLDERI NIGRA","ERABLE",8
"108","ACER SHIRASAWANUM AUREUM","ERABLE",1
"109","ACER SP NA","ERABLE",2
"110","ACER SP. NA","ERABLE",47
"111","ACER X FREEMANII","ERABLE DE FREEMAN",16
"112","AESCULUS  ","MARRONIER",46
"113","AESCULUS  BRIOTII","MARRONIER",1
"114","AESCULUS HIPPOCASTANUM ","MARRONIER",20
"115","AESCULUS HIPPOCASTANUM NA","MARONNIER COMMUN",2
"116","AESCULUS HIPPOCASTANUM NA","MARRONNIER COMMUN",105
"117","AESCULUS HYPOCASTANUM NA","MARRONNIER D'INDE",1
"118","AESCULUS HYPPOCASTANUM ","MARRONIER",454
"119","AESCULUS LUTEA ","MARRONIER",2
"120","AESCULUS NA NA","MARRONNIER",21
"121","AESCULUS PAVIA ","MARRONIER",1
"122","AESCULUS SP. ","MARRONIER",1
"123","AESCULUS SP. NA","MARRONNIER",50
"124","AESCULUS X CARNEA","MARRONNIER",7
"125","AESCULUS X CARNEA","MARRONNIER ROSE",5
"126","AESCULUS X CARNEA ","MARRONIER",78
"127","AESCULUS X CARNEA 'BRIOTII'","MARRONIER",15
"128","AESCULUS X CARNEA BRIOTII","MARRONIER",108
"129","AILANTHUS  ","AILANTHE",3
"130","AILANTHUS  ","CEDRE",1
"131","AILANTHUS ALTISSIMA ","AILANTHE",8
"132","AILANTHUS ALTISSIMA NA","AILANTE GLANDULEUX",6
"133","AILANTHUS GLANDULOSA ","AILANTHE",2
"134","ALBIZIA CHOCOLATE NA","ARBRE A SOIE",1
"135","ALBIZIA JULIBRISSIN NA","ARBRE A SOIE",7
"136","ALBIZIA JULIBRISSIN NA","ARBRE DE SOIE",1
"137","ALBIZZIA  ","ARBRE A SOIE",3
"138","ALBIZZIA JULIBRISSIN ","ARBRE A SOIE",39
"139","ALBIZZIA JULIBRISSIN OMBRELLA","ARBRE A SOIE",11
"140","ALBIZZIA JULIBRISSIN UMBRELLA","ARBRE A SOIE",1
"141","ALISIER TORMINALIS NA","ALISIER TORMINAL",1
"142","ALNUS  ","AULNE",20
"143","ALNUS CORDATA ","AULNE",253
"144","ALNUS CORDATA AUTRE","AULNE",1
"145","ALNUS CORDATA NA","AULNE A FEUILLE DE COEUR",12
"146","ALNUS CORDATA NA","AULNE A FEUILLES EN COEUR",2
"147","ALNUS GLUTINOSA ","AULNE",248
"148","ALNUS GLUTINOSA LACINIATA","AULNE",4
"149","ALNUS GLUTINOSA NA","AULNE GLUTINEUX",399
"150","ALNUS HIRSUTA NA","AULNE",6
"151","ALNUS INCANA ","AULNE",13
"152","ALNUS INCANA NA","AULNE BLANC",4
"153","ALNUS JAPONICA NA","AULNE DU JAPON",3
"154","ALNUS LACINIATA ","AULNE",4
"155","ALNUS SP NA","AULNE",4
"156","ALNUS SP. NA","AULNE",6
"157","ALNUS VERRUCOSA ","AULNE",5
"158","ALNUS X SPAETHII ","AULNE",201
"159","AMELANCHIER  ","AMELANCHIER",47
"160","AMELANCHIER ARBOREA ","AMELANCHIER",2
"161","AMELANCHIER ARBOREA ROBIN HILL","AMELANCHIER",16
"162","AMELANCHIER AUTRE ","AMELANCHIER",20
"163","AMELANCHIER CANADENSIS ","AMELANCHIER",181
"164","AMELANCHIER CANADENSIS NA","AMELANCHIER DU CANADA",4
"165","AMELANCHIER CANADENSIS SYRINGA","AMELANCHIER",1
"166","AMELANCHIER CANADENSIS SYRINGUA","AMELANCHIER",5
"167","AMELANCHIER GRANDIFLORA ","AMELANCHIER",16
"168","AMELANCHIER GRANDIFLORA ROBIN HILL","AMELANCHIER",29
"169","AMELANCHIER LAMARCKII ","AMELANCHIER",97
"170","AMELANCHIER OBELISK NA","AMELANCHIER A FEUILLES D'AULNE OBELISK",6
"171","AMORPHA FRUCICOSA NA","AMORPHE BUISSONNANTE",1
"172","ARAUCARIA ARAUCANA NA","DESESPOIR DES SINGES",1
"173","ARBUTUS  ","ARBOUSIER",6
"174","ARBUTUS AUTRE ","ARBOUSIER",10
"175","ARBUTUS UNEDO ","ARBOUSIER",5
"176","ARBUTUS UNEDO NA","ARBOUSIER COMMUN",1
"177","ARECACEAE NA NA","PALMIER",1
"178","AUCUBA JAPONICA NA","AUCUBA DU JAPON",1
"179","AUTRE AMURENSIS ","ARBRE AU LIEGE DE L'AMOUR",1
"180","AUTRE AUTRE ","ARBRE AUX HARICOTS BLEUS",9
"181","AUTRE AUTRE ","ARBRE DES 7 FILS",2
"182","AUTRE AUTRE ","CARYA",2
"183","AUTRE AUTRE ","FONTENESIA",9
"184","AUTRE AUTRE ","MURIER  A PAPIER",2
"185","AUTRE AUTRE ","MURIER A PAPIER",5
"186","AUTRE CHINENSIS ","PISTACHIER",1
"187","AUTRE DULCIS ","MURIER A PAPIER",7
"188","AZARA MACROPHYLLA ","AZARA",1
"189","AZARA MACROPHYLLA ","MIMOSA DU CHILI",3
"190","BETULA  ","BOULEAU",120
"191","BETULA  ALBA","BOULEAU",1
"192","BETULA  PENDULA","BOULEAU",7
"193","BETULA ALBA ","BOULEAU",68
"194","BETULA AUTRE ","BOULEAU",3
"195","BETULA AUTRE PENDULA","BOULEAU",1
"196","BETULA ERMANII NA","BOULEAU D'ERMAN",7
"197","BETULA JACQUEMONTIANA ","BOULEAU",11
"198","BETULA NIGRA ","BOULEAU",1
"199","BETULA NIGRA NA","BOULEAU NOIR",1
"200","BETULA PENDULA ","BOULEAU",9
"201","BETULA PENDULA NA","BOULEAU BLANC",294
"202","BETULA PENDULA NA","BOULEAU COMMUN",50
"203","BETULA PENDULA NA","BOULEAU VERRUQUEUX",11
"204","BETULA PENDULA YOUNGII","BOULEAU",1
"205","BETULA PUBESCENT NA","BOULEAU PUBESCENT",3
"206","BETULA SP NA","BOULEAU",1
"207","BETULA SP. NA","BOULEAU",80
"208","BETULA UTILIS ","BOULEAU",62
"209","BETULA UTILIS AUTRE","BOULEAU",7
"210","BETULA UTILIS NA","BOULEAU DE L'HIMALAYA",4
"211","BETULA UTILIS VAR.","BOULEAU BLANC DE L'HIMALAYA",2
"212","BETULA VERRUCOSA ","BOULEAU",498
"213","BETULA VERRUCOSA ","MURIER A PAPIER",1
"214","BETULA VERRUCOSA ALBA","BOULEAU",2
"215","BETULA VERRUCOSA AUTRE","BOULEAU",2
"216","BETULA VERRUCOSA LACINIATA","BOULEAU",1
"217","BETULA VERRUCOSA NA","BOULEAU VERRUQUEUX",69
"218","BETULA VERRUCOSA PENDULA","BOULEAU",3
"219","BETULA VERRUCOSA TRISTIS","BOULEAU",1
"220","BETULA VERTICILLATA ","BOULEAU",1
"221","BUXUS  ","BUIS",1
"222","BUXUS SEMPERVIRENS ","BUIS",2
"223","BUXUS SEMPERVIRENS NA","BUIS",1
"224","CALLOCEDRUS  ","CEDRE BLANC",1
"225","CALLOCEDRUS DECCURENS ","CEDRE BLANC",3
"226","CALLOCEDRUS DECCURENS AUREO-VARIEGATUM","CEDRE BLANC",1
"227","CARPINUS  ","CARPINUS",1
"228","CARPINUS  ","CHARME",141
"229","CARPINUS BETULUS ","CHARME",235
"230","CARPINUS BETULUS FASTIGIATA","CHARME",449
"231","CARPINUS BETULUS FASTIGIATA","CHARME PYRAMIDAL",2
"232","CARPINUS BETULUS FASTIGIATA","TILLEUL À PETITE FEUILLE",1
"233","CARPINUS BETULUS FRANS FONTAINE","CHARME",45
"234","CARPINUS BETULUS NA","CHARME",6
"235","CARPINUS BETULUS NA","CHARME COMMUN",331
"236","CARPINUS BETULUS NA","CHARME PYRAMIDAL",10
"237","CARPINUS BETULUS NA","CHÊNE PÉDONCULÉ",5
"238","CARPINUS BETULUS PYRAMIDALIS","CHARME",11
"239","CARPINUS SP. NA","CHARME",2
"240","CASTANEA  ","CHATAIGNIER",48
"241","CASTANEA  AUTRE","CHATAIGNIER",2
"242","CASTANEA AUTRE ","CHATAIGNIER",2
"243","CASTANEA SATIVA ","CHATAIGNER",1
"244","CASTANEA SATIVA ","CHATAIGNIER",82
"245","CASTANEA SATIVA AUTRE","CHATAIGNIER",17
"246","CASTANEA SATIVA MARRON DE REDON","CHATAIGNIER",2
"247","CASTANEA SATIVA NA","CHATAIGNER COMMUN",150
"248","CASTANEA SATIVA NA","CHATAIGNIER",3
"249","CASTANEA SATIVA NA","CHATAIGNIER COMMUN",15
"250","CASTANEA SATIVA NA","CHÂTAIGNIER COMMUN",3
"251","CASTANEA SP. NA","CHATAIGNIER DORÉE",2
"252","CASTANEA SP. NA","CHATAIGNIER MARRON",2
"253","CATALPA  ","ARBRE AUX HARICOTS",31
"254","CATALPA AUTRE ","ARBRE AUX HARICOTS",1
"255","CATALPA BIGNONIOIDES ","ARBRE AUX HARICOTS",85
"256","CATALPA BIGNONIOIDES NA","CATALPA COMMUN",26
"257","CATALPA BIGNONIOIDES NANA","ARBRE AUX HARICOTS",1
"258","CATALPA OVATA ","ARBRE AUX HARICOTS",1
"259","CEDRELA  ","CEDRELE",4
"260","CEDRELA SINENSIS ","CEDRELE",4
"261","CEDRELA SINENSIS FLAMINGO","CEDRELE",2
"262","CEDRELA SP. NA","ACAJOU",3
"263","CEDRUS  ","CEDRE",64
"264","CEDRUS  GLAUCA","CEDRE",2
"265","CEDRUS  RAYWOOD","CEDRE",1
"266","CEDRUS ATLANTICA ","CEDRE",12
"267","CEDRUS ATLANTICA AUREA","CEDRE",2
"268","CEDRUS ATLANTICA AUREA ROBUSTA","CEDRE",4
"269","CEDRUS ATLANTICA GLAUCA","CEDRE",50
"270","CEDRUS ATLANTICA GLAUCA","CEDRE DE L'ATLAS BLEU",1
"271","CEDRUS ATLANTICA NA","CEDRE DE L'ATLAS",37
"272","CEDRUS DEODARA ","CEDRE",12
"273","CEDRUS DEODARA AUREA","CEDRE",90
"274","CEDRUS DEODARA GLAUCA","CEDRE",3
"275","CEDRUS DEODARA NA","CEDRE DE L'HIMALAYA",7
"276","CEDRUS LIBANI ATLANTICA","CÈDRE BLEU",1
"277","CEDRUS LIBANII ","CEDRE",17
"278","CEDRUS SP. NA","CEDRE",6
"279","CELTIS  ","MICOCOULIER",6
"280","CELTIS AUSTARLIS NA","MICOCOULIER DE PROVENCE",2
"281","CELTIS AUSTRALIS ","MICOCOULIER",215
"282","CELTIS OCCIDENTALIS ","MICOCOULIER",145
"283","CEPHALOTAXUS  ","CEPHALOTAXE DE FORTUNE",1
"284","CEPHALOTAXUS HARRINGTONIA ","CEPHALOTAXE DE FORTUNE",2
"285","CERCIDIPHYLLUM  ","ARBRE A CARAMEL",10
"286","CERCIDIPHYLLUM JAPONICUM ","ARBRE A CARAMEL",38
"287","CERCIDIPHYLLUM JAPONICUM NA","ARBRE AU CARAMEL",16
"288","CERCIS  ","ARBRE DE JUDEE",29
"289","CERCIS CANADENSIS ","ARBRE DE JUDEE",4
"290","CERCIS CHINENSIS ","ARBRE DE JUDEE",4
"291","CERCIS CHINENSIS AVONDALE","ARBRE DE JUDEE",4
"292","CERCIS SILIQUASTRUM ","ARBRE DE JUDEE",336
"293","CERCIS SILIQUASTRUM ALBA","ARBRE DE JUDEE",2
"294","CERCIS SILIQUASTRUM NA","ARBRE DE JUDEE",47
"295","CERCIS SILIQUASTRUM NA","ARBRE DE JUDÉE",10
"296","CHAMAECYPARIS  ","FAUX-CYPRES",49
"297","CHAMAECYPARIS  ","FAUX CYPRES",2
"298","CHAMAECYPARIS AUTRE ","FAUX-CYPRES",24
"299","CHAMAECYPARIS AUTRE AUTRE","FAUX-CYPRES",15
"300","CHAMAECYPARIS AUTRE PENDULA","FAUX-CYPRES",1
"301","CHAMAECYPARIS LAWSONIANA ","FAUX-CYPRES",10
"302","CHAMAECYPARIS LAWSONIANA ","FAUX CYPRES",1
"303","CHAMAECYPARIS LAWSONIANA GREEN SPIRE","FAUX-CYPRES",2
"304","CHAMAECYPARIS LAWSONIANA LANE","FAUX-CYPRES",2
"305","CHAMAECYPARIS LAWSONIANA NA","CYPRES DE LAWSON",21
"306","CHAMAECYPARIS LAWSONIANA NOOTKA","FAUX-CYPRES",2
"307","CHAMAECYPARIS LAWSONIANA STEWARTI","FAUX-CYPRES",3
"308","CHAMAECYPARIS LAWSONIANA WESTERMANI","FAUX-CYPRES",1
"309","CHAMAECYPARIS LAWSONIANA WESTERMANNII","FAUX-CYPRES",5
"310","CHAMAECYPARIS LAWSONIANA WISSELII","FAUX-CYPRES",1
"311","CHAMAECYPARIS LAWSONIANA WREDEI","FAUX-CYPRES",1
"312","CHAMAECYPARIS NOOKENTENSIS ","FAUX-CYPRES",35
"313","CHAMAECYPARIS NOOKTA PENDULA","CYPRES DE NOOTKA PLEUREUR",1
"314","CHAMAECYPARIS OBTUSA NANA GRACILIS","FAUX-CYPRES",1
"315","CHAMAECYPARIS PISIFERA ","FAUX CYPRES",1
"316","CHAMAECYPARIS PISIFERA SQUARROSA","FAUX-CYPRES",1
"317","CHAMAECYPARIS STEWARTI ","FAUX-CYPRES",14
"318","CHAMAEROPS  ","PALMIER",49
"319","CHAMAEROPS EXCELSA ","PALMIER",18
"320","CHAMAEROPS FORTUNEI ","PALMIER",7
"321","CHAMAEROPS HUMILIS ","PALMIER",10
"322","CHIONANTHUS RETUSUS ","ARBRE A NEIGE",8
"323","CHIONANTHUS VIRGINICUS NA","ARBRE DE NEIGE",1
"324","CHITALPA  ","CHITALPA",6
"325","CHITALPA TASHKENTENSIS ","CHITALPA",12
"326","CHITALPA TASHKENTENSIS NA","CHITALPA DE TACHKENT",2
"327","CHITALPA TASHKENTENSIS NA","CHITALPA TASHKENTENSIS",2
"328","CITRUS SINENSIS NA","ORANGER D'ILLE ET VILAINE P.GARDAN",1
"329","CLADASTRIS KENTUKEA ","VIRGILIER",6
"330","CLADASTRIS KENTUKEA NA","VIRGILIER A BOIS JAUNE",1
"331","CLADASTRIS LUTEA ","VIRGILIER",13
"332","CLERODENDRON TRICHOTOMUM ","CLERODENDRON",11
"333","CORDYLINE SP. NA","CORDYLINE",6
"334","CORNUS  ","CORNOUILLER",13
"335","CORNUS AUTRE ","CORNOUILLER",3
"336","CORNUS AUTRE SANGUINE","CORNOUILLER",5
"337","CORNUS CONTROVERSA ","CORNOUILLER",4
"338","CORNUS CONTROVERSA CONTROVERSA","CORNOUILLER",3
"339","CORNUS CONTROVERSA VARIEGATA","CORNOUILLER",11
"340","CORNUS FLORIDA ","CORNOUILLER",1
"341","CORNUS FLORIDA CHEROKEE CHIEF","CORNOUILLER",1
"342","CORNUS FLORIDA RUBRA","CORNOUILLER",2
"343","CORNUS KOUSA ","CORNOUILLER",34
"344","CORNUS KOUSA CHINENSIS","CORNOUILLER",2
"345","CORNUS KOUSA NA","CORNOUILLER DU JAPON",2
"346","CORNUS KOUSA SATOMI","CORNOUILLER",2
"347","CORNUS MACROCARPA ","CORNOUILLER",1
"348","CORNUS MAS ","CORNOUILLER",48
"349","CORNUS MAS CEPEE","CORNOUILLER",1
"350","CORNUS NUTALLI ","CORNOUILLER",7
"351","CORNUS SP. NA","CORNOUILLER",1
"352","CORYLUS  ","NOISETIER",17
"353","CORYLUS AUTRE ","NOISETIER",8
"354","CORYLUS AUTRE AUTRE","NOISETIER",2
"355","CORYLUS AVELANA NA","NOISETIER COMMUN",8
"356","CORYLUS AVELLANA ","NOISETIER",40
"357","CORYLUS AVELLANA NA","CHENE ROUGE D'AM?RIQUE",1
"358","CORYLUS AVELLANA NA","NOISETIER COMMUN",44
"359","CORYLUS AVELLANA TORTUOSA","NOISETIER",5
"360","CORYLUS COLURNA ","NOISETIER",649
"361","CORYLUS COLURNA DIVERSIFOLIA","NOISETIER",1
"362","CORYLUS COLURNA NA","NOISETIER DE BYSANCE",19
"363","CORYLUS COLURNA NA","NOISETIER DE BYZANCE",63
"364","CORYLUS OXYACANTHA ","NOISETIER",1
"365","COTONEASTER  ","COTONEASTER",2
"366","COTONEASTER  ","NOISETIER",4
"367","CRATAEGUS  ","AUBEPINE",84
"368","CRATAEGUS AUTRE CARRIERI","AUBEPINE",2
"369","CRATAEGUS LAEVIGATA ","AUBEPINE",5
"370","CRATAEGUS LAEVIGATA 'CRISMON","AUBEPINE",5
"371","CRATAEGUS LAEVIGATA CARRIEREI","AUBEPINE",1
"372","CRATAEGUS LAEVIGATA PAUL'S SCARLET","AUBEPINE",7
"373","CRATAEGUS LAVALLEI ","AUBEPINE",3
"374","CRATAEGUS LAVALLEI CARRIERI","AUBEPINE",4
"375","CRATAEGUS MONOGYMA ","AUBEPINE",3
"376","CRATAEGUS MONOGYNA ","AUBEPINE",24
"377","CRATAEGUS MONOGYNA NA","AUBEPINE A UN STYLE",11
"378","CRATAEGUS MONOGYNA NA","AUBEPINE MONOGYNE",1
"379","CRATAEGUS MONOGYNA NA","AUBÉPINE MONOGYNE",7
"380","CRATAEGUS MONOGYNA STRICTA","AUBEPINE",4
"381","CRATAEGUS MONOPHYLLA ","AUBEPINE",5
"382","CRATAEGUS OXYACANTHA ","AUBEPINE",15
"383","CRATAEGUS SP. NA","AUBEPINE",15
"384","CRATAEGUS X ACERIFOLIA FLORE PLENO","AUBEPINE",4
"385","CRATAEGUS X GRIGNONENSIS ","AUBEPINE",28
"386","CRINODENDRON HOOKERIANUM ","ARBRE AUX LANTERNES",1
"387","CRINODENDRON HOOKERIANUM NA","ARBRE AUX LANTERNES",1
"388","CRYPTOMERIA JAPONICA ","CEDRE DU JAPON",6
"389","CRYPTOMERIA JAPONICA CRISTATA","CEDRE DU JAPON",2
"390","CRYPTOMERIA JAPONICA ELEGANS","CEDRE DU JAPON",1
"391","CUNNINGHAMIA LANCEOLATA ","ARAUCARIA DE CHINE",1
"392","CUPRESSUS  ","CYPRES",11
"393","CUPRESSUS ARIZONICA ","CYPRES",217
"394","CUPRESSUS ARIZONICA GLAUCA","CYPRES",9
"395","CUPRESSUS ARIZONICA NA","CYPRÈS D'ARIZONA",1
"396","CUPRESSUS LAMBERTII AUREA","CYPRES",1
"397","CUPRESSUS LAWSONIA NA","CYPRÈS DE LAWSON",1
"398","CUPRESSUS MACROCARPA ","CYPRES",7
"399","CUPRESSUS NA NA","CYPRÈS",22
"400","CUPRESSUS NOOTKATENSIS NA","CYPRES DE NOOTKA",3
"401","CUPRESSUS SEMPERVIRENS ","CYPRES",22
"402","CUPRESSUS SEMPERVIRENS NA","CYPRES COMMUN",1
"403","CUPRESSUS SP. NA","CYPRES",7
"404","CYDONIA  ","COGNASSIER",4
"405","CYDONIA  CHAMPION","COGNASSIER",2
"406","CYDONIA  GEANT DE VRANJA","COGNASSIER",11
"407","CYDONIA AUTRE GEANT DE VRANJA","COGNASSIER",1
"408","CYDONIA OBLONGA ","COGNASSIER",7
"409","CYDONIA OBLONGA AUTRE","COGNASSIER",3
"410","CYDONIA OBLONGA CHAMPION","COGNASSIER",5
"411","CYDONIA OBLONGA NA","COGNASSIER CHAMPION",2
"412","CYTISUS ALPINUS NA","CYTISE",1
"413","DAVIDIA  ","ARBRE AUX MOUCHOIRS",1
"414","DAVIDIA INVOLUCRATA ","ARBRE AUX MOUCHOIRS",3
"415","DAVIDIA INVOLUCRATA NA","ARBRE AUX MOUCHOIRS",2
"416","DIOSPYNOS KAKI NA","PLAQUEMINIER",2
"417","DIOSPYROS  ","PLAQUEMINIER",2
"418","DIOSPYROS KAKI ","KAKI",2
"419","DIOSPYROS KAKI ","PLAQUEMINIER",5
"420","DIOSPYROS KAKI NA","PLAQUEMINIER",1
"421","DIOSPYROS LOTUS ","PLAQUEMINIER",2
"422","DIOSPYROS VIRGINIANA ","PLAQUEMINIER",2
"423","DIPTERONIA SINENSIS NA","DIPTERONIA DE CHINE",1
"424","EMBOTHRIUM COCCINEUM ","ARBRE DE FEU DU CHILI",1
"425","ERETIA DICKNONII NA","CABRILLET DE DICKSON",1
"426","EUCALYPTUS  ","EUCALYPTUS",2
"427","EUCALYPTUS GUNNII ","EUCALYPTUS",1
"428","EUCOMMIA  ","ARBRE A GOMME",1
"429","EUCOMMIA ULMOIDES ","ARBRE A GOMME",1
"430","EUCRYPHIA  ","ULMO",1
"431","EUCYPHIA NA NA","EUCYPHIA",1
"432","EUODIA DANIELLII ","ARBRE A MIEL",68
"433","EUONYMUS SP. NA","FUSAIN",1
"434","FAGUS  ","HETRE",32
"435","FAGUS AUTRE ","HETRE",2
"436","FAGUS AUTRE PURPUREA","HETRE",1
"437","FAGUS LACINIATA ","HETRE",1
"438","FAGUS SILIQUASTRUM ","HETRE",1
"439","FAGUS SP. NA","HETRE",6
"440","FAGUS SYLVATICA ","HETRE",85
"441","FAGUS SYLVATICA ASPLENIFOLIA","HETRE",1
"442","FAGUS SYLVATICA ATROPURPUREA","HETRE",7
"443","FAGUS SYLVATICA AUTRE","HETRE",1
"444","FAGUS SYLVATICA DAWYCK PURPLE","HETRE",3
"445","FAGUS SYLVATICA FASTIGIATA","HETRE",19
"446","FAGUS SYLVATICA LACINIATA","HETRE",1
"447","FAGUS SYLVATICA NA","HETRE COMMUN",302
"448","FAGUS SYLVATICA NA","HÊTRE COMMUN",10
"449","FAGUS SYLVATICA PENDULA","HETRE",3
"450","FAGUS SYLVATICA PURPUREA","HETRE",15
"451","FAGUS SYLVATICA PURPUREA","HÊTRE POURPRE",2
"452","FAGUS SYLVATICA ROSEA","HETRE",2
"453","FAGUS SYLVATICA ROSEA MARGINATA","HETRE",1
"454","FAGUS SYLVATICA VARIEGATA","HETRE",1
"455","FICUS CARICA ","FIGUIER",7
"456","FICUS CARICA GRISE DE ST JEAN","FIGUIER",1
"457","FICUS CARICA NA","FIGUIER COMMUN",2
"458","FICUS CARICA NA","FIGUIER RONDE DE BORDEAUX",2
"459","FICUS CARICA RONDE DE BORDEAUX","FIGUIER",1
"460","FRAXINUS  ","FRENE",79
"461","FRAXINUS  ","FRESNE",12
"462","FRAXINUS AMERICANA ","FRENE",6
"463","FRAXINUS AMERICANA ","FRESNE",41
"464","FRAXINUS AMERICANA NA","FRENE BLANC",62
"465","FRAXINUS ANGUSTIFOLIA ","FRENE",37
"466","FRAXINUS ANGUSTIFOLIA ","FRESNE",33
"467","FRAXINUS ANGUSTIFOLIA NA","FRENE A FEUILLE ETROITE",143
"468","FRAXINUS ANGUSTIFOLIA RAYWOOD","FRENE",2
"469","FRAXINUS ANGUSTIFOLIA RAYWOOD","FRESNE",122
"470","FRAXINUS BAILEYANA ","FRENE",1
"471","FRAXINUS EXCELSA ","FRENE",3
"472","FRAXINUS EXCELSIOR ","FRENE",214
"473","FRAXINUS EXCELSIOR ","FRESNE",692
"474","FRAXINUS EXCELSIOR ALTENA","FRESNE",11
"475","FRAXINUS EXCELSIOR AUTRE","FRESNE",9
"476","FRAXINUS EXCELSIOR DIVERSIFOLIA","FRESNE",504
"477","FRAXINUS EXCELSIOR NA","FRÊNE",3
"478","FRAXINUS EXCELSIOR NA","FRENE COMMUN",206
"479","FRAXINUS EXCELSIOR NA","FRÊNE COMMUN",12
"480","FRAXINUS EXCELSIOR NA","FRENE ELEVE",1
"481","FRAXINUS EXCELSIOR NA","FRÊNE EXCELSIOR",46
"482","FRAXINUS EXCELSIOR PENDULA","FRENE",2
"483","FRAXINUS EXCELSIOR TETARD","FRENE",18
"484","FRAXINUS EXCELSIOR WESTHOF'S GLORIE","FRENE",34
"485","FRAXINUS EXCELSIOR WESTHOF'S GLORIE","FRESNE",439
"486","FRAXINUS EXELSIOR NA","FRÊNE ÉLEVÉ",24
"487","FRAXINUS MONOPHYLLA ","FRENE",23
"488","FRAXINUS MONOPHYLLUM ","FRENE",4
"489","FRAXINUS ORNUS ","FRENE",164
"490","FRAXINUS ORNUS ","FRESNE",665
"491","FRAXINUS ORNUS FLAME","FRESNE",2
"492","FRAXINUS ORNUS LOUISE LADY","FRENE",6
"493","FRAXINUS ORNUS LOUISE LADY","FRESNE",20
"494","FRAXINUS ORNUS NA","FRENE A FLEURS",103
"495","FRAXINUS ORNUS NA","FRÊNE À FLEURS",10
"496","FRAXINUS OXYCARPA ","FRESNE",19
"497","FRAXINUS OXYCARPA 'FLAME'","FRESNE",1
"498","FRAXINUS OXYCARPA FLAME","FRESNE",136
"499","FRAXINUS PENNSYLVANICA NA","FRENE ROUGE",3
"500","FRAXINUS PENSYLVANICUM ","FRESNE",31
"501","FRAXINUS PLATYPHYLLOS ","FRESNE",1
"502","FRAXINUS SP. NA","FRENE",20
"503","GINKGO  ","ARBRE AUX 40 ECUS",8
"504","GINKGO  ","ARBRE AUX QUARANTE ECUS",2
"505","GINKGO BILOBA ","ARBRE AUX 40 ECUS",51
"506","GINKGO BILOBA ","ARBRE AUX ECUS",1
"507","GINKGO BILOBA ","ARBRE AUX QUARANTE ECUS",26
"508","GINKGO BILOBA NA","ARBRE AUX QUARANTE ECUS",10
"509","GLEDITSIA  ","GLEDITSIA",60
"510","GLEDITSIA TRIACANTHOS ","ERABLE",1
"511","GLEDITSIA TRIACANTHOS ","GLEDITSIA",95
"512","GLEDITSIA TRIACANTHOS 'INERMIS'","GLEDITSIA",24
"513","GLEDITSIA TRIACANTHOS INERMIS","GLEDITSIA",270
"514","GLEDITSIA TRIACANTHOS NA","FEVIER D'AMERIQUE",63
"515","GLEDITSIA TRIACANTHOS NA","FÉVIER D'AMÉRIQUE",2
"516","GLEDITSIA TRIACANTHOS SHADEMASTER","GLEDITSIA",391
"517","GLEDITSIA TRIACANTHOS SKYLINE","GLEDITSIA",8
"518","GLEDITSIA TRIACANTHOS SUNBURST","GLEDITSIA",23
"519","HALESIA  ","ARBRE AUX CLOCHES D'ARGENT",1
"520","HALESIA AUTRE ","ARBRE AUX CLOCHES D'ARGENT",1
"521","HALESIA CAROLINA ","ARBRE AUX CLOCHES D'ARGENT",7
"522","HAMAMELIS  ","HETRE DE PERSE",4
"523","HAMAMELIS INTERMEDIA ","PARROTIE",3
"524","HAMAMELIS MOLLIS ","HETRE DE PERSE",2
"525","HEPTOCADIUM NA NA","FLEUR DES 7 FILS DE ZHESIANG",1
"526","HIBISCUS  ","ROSE DE CHINE",2
"527","HIBISCUS SYRIACUS ","ALTEA",6
"528","HIBISCUS SYRIACUS ","ROSE DE CHINE",8
"529","IDESIA POLYCARPA ","IDESIA",2
"530","ILEX  ","HOUX",41
"531","ILEX  VARIEGATA","HOUX",1
"532","ILEX AQUIFOLIUM ","HOUX",59
"533","ILEX AQUIFOLIUM ARGENTEO","HOUX COMMUN PANACHE",1
"534","ILEX AQUIFOLIUM ARGENTEOMARGINATA","HOUX",1
"535","ILEX AQUIFOLIUM AUREOMARGINATA","HOUX",1
"536","ILEX AQUIFOLIUM AUREUM","HOUX",3
"537","ILEX AQUIFOLIUM FEROX VARIEGATA","HOUX",1
"538","ILEX AQUIFOLIUM NA","HOUX COMMUN",20
"539","ILEX AQUIFOLIUM PANACHÉ","HOUX",2
"540","ILEX AQUIFOLIUM VARIEGATA","HOUX",1
"541","ILEX AUTRE ","HOUX",11
"542","ILEX CASTANAEFOLIA ","HOUX",2
"543","ILEX GOLDEN HOMET ","HOUX",1
"544","ILEX TRIACANTHOS SHADEMASTER","HOUX",1
"545","JUGLANS  ","NOYER",3
"546","JUGLANS  AUTRE","NOYER",4
"547","JUGLANS AUTRE ","NOYER",3
"548","JUGLANS NIGRA ","NOYER",28
"549","JUGLANS NIGRA NA","NOYER NOIR",18
"550","JUGLANS REGIA ","NOYER",22
"551","JUGLANS REGIA AUTRE","NOYER",13
"552","JUGLANS REGIA FRANQUETTE","NOYER",1
"553","JUGLANS REGIA LACINIATUM WIERI","NOYER",1
"554","JUGLANS REGIA NA","NOYER",2
"555","JUGLANS REGIA NA","NOYER COMMUN",8
"556","JUGLANS SP. NA","NOYER",2
"557","JUNIPERUS  ","GENEVRIER",1
"558","JUNIPERUS AUTRE AUTRE","GENEVRIER",1
"559","JUNIPERUS CHINENSIS ","GENEVRIER",1
"560","JUNIPERUS FILIFORMIS ","GENEVRIER",1
"561","JUNIPERUS VIRGINIANA AUTRE","GENEVRIER",1
"562","JUNIPERUS VIRGINIANA GLAUCA","GENEVRIER",1
"563","KOELREUTERIA  ","SAVONNIER",15
"564","KOELREUTERIA JAPONICA ","SAVONNIER",1
"565","KOELREUTERIA PANICULATA ","MURIER A PAPIER",24
"566","KOELREUTERIA PANICULATA ","SAVONNIER",314
"567","KOELREUTERIA PANICULATA NA","SAVONNIER",43
"568","KOELREUTERIA PANICULATA NA","SAVONNIER DE CHINE",39
"569","LABURNOCYTICUS ADAMII ","CYTISE D'ADAM",1
"570","LABURNUM  ","FAUX EBENIER",1
"571","LABURNUM ANAGYROIDES ","FAUX EBENIER",1
"572","LABURNUM ANAGYROIDES NA","CYTISE",2
"573","LABURNUM AUTRE ","FAUX EBENIER",1
"574","LABURNUM SP. NA","CYTISE",1
"575","LABURNUM WATERERI VOSSII","FAUX EBENIER",1
"576","LAGERSTROEMIA  ","LILAS DES INDES",12
"577","LAGERSTROEMIA  GRAND CRU","LILAS DES INDES",3
"578","LAGERSTROEMIA INDICA ","LILAS DES INDES",54
"579","LAGERSTROEMIA INDICA AUTRE","LILAS DES INDES",6
"580","LAGERSTROEMIA INDICA NA","LILAS DES INDES",26
"581","LARIX  ","MELEZE",1
"582","LARIX DECIDUA ","MELEZE",2
"583","LARIX DECIDUA NA","MÉLÈZE",1
"584","LARIX DECIDUA NA","MELEZE D'EUROPE",15
"585","LARIX EUROPEA ","MELEZE",2
"586","LARIX KAEMPFERI ","MELEZE",2
"587","LARIX KAEMPFERI NA","MÉLÈZE",1
"588","LAURUS NOBILIS NA","LAURIER SAUCE",6
"589","LIGUSTRUM  ","TROENE",7
"590","LIGUSTRUM IBOTA ","TROENE",22
"591","LIGUSTRUM JAPONICUM ","TROENE",8
"592","LIGUSTRUM LUCIDUM ","TROENE",6
"593","LIGUSTRUM SP. NA","TROENE",1
"594","LIGUSTRUM VULGARIS ","TROENE",1
"595","LIQUIDAMBAR  ","LIQUIDAMBAR",53
"596","LIQUIDAMBAR NA NA","LIQUIDAMBAR",6
"597","LIQUIDAMBAR ORIENTALIS NA","COPALME D'ORIENT",4
"598","LIQUIDAMBAR STYRACIFLUA ","LIQUIDAMBAR",341
"599","LIQUIDAMBAR STYRACIFLUA AUTRE","LIQUIDAMBAR",2
"600","LIQUIDAMBAR STYRACIFLUA NA","COPALME D'AMERIQUE",154
"601","LIQUIDAMBAR STYRACIFLUA NA","COPALME D'AMÉRIQUE",1
"602","LIQUIDAMBAR STYRACIFLUA NA","LIQUIDAMBAR",2
"603","LIQUIDAMBAR STYRACIFLUA WORPLESDON","LIQUIDAMBAR",7
"604","LIQUIDEMBAR STYRACIFLUA NA","COPALME D'AMÉRIQUE",10
"605","LIRIODENDRON  ","TULIPIER DE VIRGINIE",4
"606","LIRIODENDRON JAPONICUM ","TULIPIER DE VIRGINIE",1
"607","LIRIODENDRON TULIPIFERA ","TULIPIER DE VIRGINIE",300
"608","LIRIODENDRON TULIPIFERA AUREA","TULIPIER DE VIRGINIE",1
"609","LIRIODENDRON TULIPIFERA FASTIGIATA","TULIPIER DE VIRGINIE",1
"610","LIRIODENDRON TULIPIFERA NA","TULIPIER DE VIRGINIE",103
"611","MACLURA  ","ORANGER DES OSAGES",1
"612","MACLURA POMIFERA ","ORANGER DES OSAGES",2
"613","MAGNOLIA  ","MAGNOLIA",63
"614","MAGNOLIA  BUTTERFLIES","MAGNOLIA",1
"615","MAGNOLIA  LEONARD MESSEL","MAGNOLIA",1
"616","MAGNOLIA ACUMINATA X DENUDATA BUTTERFLIES","MAGNOLIA",1
"617","MAGNOLIA AUTRE ","MAGNOLIA",13
"618","MAGNOLIA AUTRE AUTRE","MAGNOLIA",1
"619","MAGNOLIA DENUDATA ","MAGNOLIA",3
"620","MAGNOLIA DENUDATA BUTTERFLIES","MAGNOLIA",1
"621","MAGNOLIA DENUDATA ELISABETH","MAGNOLIA",1
"622","MAGNOLIA DENUDATA GENIE","MAGNOLIA",1
"623","MAGNOLIA GALAXY ","MAGNOLIA",5
"624","MAGNOLIA GRANDIFLORA ","MAGNOLIA",62
"625","MAGNOLIA GRANDIFLORA AUTRE","MAGNOLIA",1
"626","MAGNOLIA GRANDIFLORA FLORE PLENO","MAGNOLIA",2
"627","MAGNOLIA GRANDIFLORA GALISSONIENSIS","MAGNOLIA",1
"628","MAGNOLIA GRANDIFLORA NA","MAGNOLIA A GRANDE FEUILLE",29
"629","MAGNOLIA GRANDIFLORA NA","MAGNOLIA A GRANDES FLEURS",1
"630","MAGNOLIA GRANDIFLORA NA","MAGNOLIA À GRANDES FLEURS",20
"631","MAGNOLIA KOBUS ","MAGNOLIA",196
"632","MAGNOLIA KOBUS NA","MAGNOLIA",1
"633","MAGNOLIA KOBUS NA","MAGNOLIA DE KOBE",13
"634","MAGNOLIA NA NA","MAGNOLIA",4
"635","MAGNOLIA NIGRA ","MAGNOLIA",1
"636","MAGNOLIA SIEBOLDII ","MAGNOLIA",2
"637","MAGNOLIA SOULANGEANA ","MAGNOLIA",15
"638","MAGNOLIA SOULANGEANA LENNEI","MAGNOLIA",6
"639","MAGNOLIA SOULANGEANA STAR WARS","MAGNOLIA",3
"640","MAGNOLIA SP. ","MAGNOLIA",2
"641","MAGNOLIA SP. NA","MAGNOLIA",29
"642","MAGNOLIA STELLATA ","MAGNOLIA",8
"643","MAGNOLIA STELLATA NA","MAGNOLIA",1
"644","MAGNOLIA STELLATA NA","MAGNOLIA ÉTOILÉ",13
"645","MAGNOLIA SUSAN ","MAGNOLIA",3
"646","MAGNOLIA VIRGINIANA ","MAGNOLIA",1
"647","MAGNOLIA X LOBNERI MERRILL","MAGNOLIA",12
"648","MAGNOLIA X LOEBNERI","MAGNOLIA",1
"649","MAGNOLIA X SOULANGIANA","MAGNOLIA",1
"650","MALUS  ","MALUS",14
"651","MALUS  ","POMMIER",86
"652","MALUS  AUTRE","POMMIER",5
"653","MALUS  BELCHARD","POMMIER",2
"654","MALUS  BELLE DE BOSKOOP","POMMIER",9
"655","MALUS  CHAILLEUX","POMMIER",3
"656","MALUS  COX ORANGE","POMMIER",1
"657","MALUS  ELEYI","POMMIER",1
"658","MALUS  EVERESTE","MALUS",24
"659","MALUS  EVERESTE","POMMIER",23
"660","MALUS  GOLDEN DELICIOUS","POMMIER",8
"661","MALUS  IDARED","POMMIER",1
"662","MALUS  MONDIAL GALA","POMMIER",2
"663","MALUS  RED SENTINEL","POMMIER",18
"664","MALUS  REINE DES REINETTES","POMMIER",24
"665","MALUS  REINETTE CLOCHARD","MALUS",4
"666","MALUS  REINETTE CLOCHARD","POMMIER",3
"667","MALUS  REINETTE D'ARMORIQUE","POMMIER",7
"668","MALUS  REINETTE DARMORIQUE","POMMIER",6
"669","MALUS  REINETTE DE BRETAGNE","POMMIER",2
"670","MALUS  REINETTE DE CAUX","POMMIER",2
"671","MALUS  REINETTE DU CANADA","POMMIER",2
"672","MALUS  ROYAL GALA ®","MALUS",3
"673","MALUS  ROYAL GALA ®","POMMIER",2
"674","MALUS AUTRE ","MALUS",4
"675","MALUS AUTRE ","POMMIER",29
"676","MALUS AUTRE AUTRE","POMMIER",99
"677","MALUS AUTRE BELLE DE BOSKOOP","POMMIER",1
"678","MALUS AUTRE CHAILLEUX","POMMIER",1
"679","MALUS AUTRE EVERESTE","POMMIER",34
"680","MALUS AUTRE REINE DES REINETTES","POMMIER",2
"681","MALUS AUTRE REINETTE D'ARMORIQUE","POMMIER",1
"682","MALUS AUTRE REINETTE DU CANADA","POMMIER",1
"683","MALUS COCCINEA ","MALUS",3
"684","MALUS COMMUNIS ","POMMIER",79
"685","MALUS COMMUNIS AUTRE","POMMIER",4
"686","MALUS COMMUNIS BELLE DE BOSKOOP","POMMIER",4
"687","MALUS COMMUNIS CHAILLEUX","POMMIER",5
"688","MALUS COMMUNIS COX ORANGE","POMMIER",4
"689","MALUS COMMUNIS NA","POIRIER COMTESSE DE PARIS",2
"690","MALUS COMMUNIS NA","POMMIER",816
"691","MALUS COMMUNIS NA","POMMIER ""DRAP D'OR""",1
"692","MALUS COMMUNIS NA","POMMIER BELLE DE BOSKOOP",2
"693","MALUS COMMUNIS NA","POMMIER CALVILLE BLANC",2
"694","MALUS COMMUNIS NA","POMMIER COURT PENDU GRIS",2
"695","MALUS COMMUNIS NA","POMMIER COX ORANGE",2
"696","MALUS COMMUNIS NA","POMMIER ELSTAR",2
"697","MALUS COMMUNIS NA","POMMIER IDARED",2
"698","MALUS COMMUNIS NA","POMMIER MELROSE",2
"699","MALUS COMMUNIS NA","POMMIER REINE DES REINETTES",5
"700","MALUS COMMUNIS NA","POMMIER REINETTE ANANAS",1
"701","MALUS COMMUNIS NA","POMMIER REINETTE CLOCHARD",5
"702","MALUS COMMUNIS NA","POMMIER REINETTE D'ARMORIQUE",2
"703","MALUS COMMUNIS NA","POMMIER REINETTE DE JUGON",1
"704","MALUS COMMUNIS NA","POMMIER REINETTE DU MANS",1
"705","MALUS COMMUNIS NA","POMMIER REINETTE DU VIGAN",1
"706","MALUS COMMUNIS NA","POMMIER REINETTE DUBUISSEAU",1
"707","MALUS COMMUNIS NA","POMMIER REINETTE GRISE",1
"708","MALUS COMMUNIS NA","POMMIER REINETTE NORMANDE",1
"709","MALUS COMMUNIS NA","POMMIER REINETTE NORMANDE TORIE",1
"710","MALUS COMMUNIS NA","POMMIER REINETTE PIQUEE",1
"711","MALUS COMMUNIS NA","POMMIER RUBINETTE",1
"712","MALUS COMMUNIS NA","POMMIER STARKNIMSON",1
"713","MALUS COMMUNIS NA","POMMIER TRANSPARENTE DE CRONCELS",2
"714","MALUS COMMUNIS NA","PRUNIER REINE CLAUDE D'OLLINS",2
"715","MALUS COMMUNIS REINE DES REINETTES","POMMIER",4
"716","MALUS COMMUNIS REINETTE DU CANADA","POMMIER",4
"717","MALUS COMMUNIS REINETTE GRISE DE LORIENT","POMMIER",1
"718","MALUS CORONARIA CHARLOTTAE","POMMIER",1
"719","MALUS DOMESTICA ","POMMIER",32
"720","MALUS DOMESTICA AUTRE","POMMIER",12
"721","MALUS DOMESTICA BELCHARD","POMMIER",2
"722","MALUS DOMESTICA BELLE DE BOSKOOP","POMMIER",8
"723","MALUS DOMESTICA BOSKOOP ROUGE","POMMIER",1
"724","MALUS DOMESTICA CHAILLEUX","POMMIER",8
"725","MALUS DOMESTICA GOLDEN DELICIOUS","POMMIER",1
"726","MALUS DOMESTICA IDARED","POMMIER",2
"727","MALUS DOMESTICA NA","POMMIER DOMESTIQUE",75
"728","MALUS DOMESTICA REINE CLOCHARD","POMMIER",2
"729","MALUS DOMESTICA REINE DES REINETTES","POMMIER",14
"730","MALUS DOMESTICA REINETTE CLOCHARD","POMMIER",1
"731","MALUS DOMESTICA REINETTE D'ARMORIQUE","POMMIER",9
"732","MALUS DOMESTICA REINETTE DU CANADA","POMMIER",5
"733","MALUS DOMESTICA REINETTE GRISE DE LORIENT","POMMIER",3
"734","MALUS ELEYI ","POMMIER",6
"735","MALUS EVEREST NA","POMMIER EVERESTE",15
"736","MALUS FLORIBUNDA ","MALUS",10
"737","MALUS FLORIBUNDA ","POMMIER",25
"738","MALUS FLORIBUNDA EVERESTE","POMMIER",8
"739","MALUS FLORIBUNDA NA","POMMIER D ORNEMENT",3
"740","MALUS GOLDEN HOMET ","POMMIER",6
"741","MALUS HYBRIDE EVERESTE","POMMIER",16
"742","MALUS MOERLANDSII PROFUSION","MALUS",4
"743","MALUS NA NA","POMMIER",1
"744","MALUS PERPETU EVERESTE","POMMIER",6
"745","MALUS PERPETU NA","POMMIER EVEREST",17
"746","MALUS SIEBOLDII ","POMMIER",4
"747","MALUS SP NA","POMMIER FRUIT",15
"748","MALUS SP NA","POMMIER ORNEMENTAL",3
"749","MALUS SP. ","POMMIER",1
"750","MALUS SP. NA","IDENTIFIE EN SEPTEMBRE",2
"751","MALUS SP. NA","POMMIER",179
"752","MALUS SP. NA","POMMIER ADAM",3
"753","MALUS SP. NA","POMMIER ADAM N°1",1
"754","MALUS SP. NA","POMMIER ADAM N°5",1
"755","MALUS SP. NA","POMMIER ADAM PEARMAN",1
"756","MALUS SP. NA","POMMIER ARIANE",1
"757","MALUS SP. NA","POMMIER BAUJADE",1
"758","MALUS SP. NA","POMMIER BEAU BOIS DE PARIGNE",1
"759","MALUS SP. NA","POMMIER BELCHARD",1
"760","MALUS SP. NA","POMMIER BELLE-FILLE DE PARIGNE",1
"761","MALUS SP. NA","POMMIER BELLE DE BOSKOOP",3
"762","MALUS SP. NA","POMMIER BELLE FLEUR JAUNE",2
"763","MALUS SP. NA","POMMIER BENEDICTIN",1
"764","MALUS SP. NA","POMMIER BENEDICTIN DE SAINTE-ANNE",1
"765","MALUS SP. NA","POMMIER BLACKSTAYMAN",2
"766","MALUS SP. NA","POMMIER BON PERE",1
"767","MALUS SP. NA","POMMIER BOROWISKY",1
"768","MALUS SP. NA","POMMIER BOSKOOP",1
"769","MALUS SP. NA","POMMIER BOSKOOP ROUGE",3
"770","MALUS SP. NA","POMMIER CALVILLE BLANC",1
"771","MALUS SP. NA","POMMIER CALVILLE D'AOUT",4
"772","MALUS SP. NA","POMMIER CALVILLE DU MONT DORE",1
"773","MALUS SP. NA","POMMIER CALVILLE DU ROI",1
"774","MALUS SP. NA","POMMIER CALVILLE ROUGE",2
"775","MALUS SP. NA","POMMIER CALVILLE ROUGE D'HIVER",1
"776","MALUS SP. NA","POMMIER CARREL (SARRAZIN)",1
"777","MALUS SP. NA","POMMIER CHAILLEUX ADAM",2
"778","MALUS SP. NA","POMMIER CHAILLEUX DE REDON",1
"779","MALUS SP. NA","POMMIER CHAILLEUX TARDIF",1
"780","MALUS SP. NA","POMMIER CLIN",1
"781","MALUS SP. NA","POMMIER COX'S ORANGE",2
"782","MALUS SP. NA","POMMIER COX ORGE PEPIN",1
"783","MALUS SP. NA","POMMIER COX POMONA",1
"784","MALUS SP. NA","POMMIER DE JOUZEL",1
"785","MALUS SP. NA","POMMIER ELSTAR",1
"786","MALUS SP. NA","POMMIER FENOUILLET",1
"787","MALUS SP. NA","POMMIER FIL JAUNE",1
"788","MALUS SP. NA","POMMIER FUJI",1
"789","MALUS SP. NA","POMMIER GARE DE MAURE",1
"790","MALUS SP. NA","POMMIER GERMAINE DE BRASPART",1
"791","MALUS SP. NA","POMMIER GRAND ALEXANDRE",1
"792","MALUS SP. NA","POMMIER GROS CHAILLEUX",1
"793","MALUS SP. NA","POMMIER GROS LOCARD",1
"794","MALUS SP. NA","POMMIER GROS PIGEONNET",1
"795","MALUS SP. NA","POMMIER GROS ROUGET DE DOL",1
"796","MALUS SP. NA","POMMIER HAUTE BONTE",1
"797","MALUS SP. NA","POMMIER HUCHETTE",1
"798","MALUS SP. NA","POMMIER HUILLEUSES DES PYRENEES",1
"799","MALUS SP. NA","POMMIER IDARED",1
"800","MALUS SP. NA","POMMIER JACOB DE RENNES",1
"801","MALUS SP. NA","POMMIER JAUNE DE VITRE",1
"802","MALUS SP. NA","POMMIER JONAGOLD",1
"803","MALUS SP. NA","POMMIER LA PIGEONNET",1
"804","MALUS SP. NA","POMMIER LA RUBINNETTE",1
"805","MALUS SP. NA","POMMIER LOCARD GROSEILLE",1
"806","MALUS SP. NA","POMMIER LOCARD RAYE",1
"807","MALUS SP. NA","POMMIER LOCARD VERT",1
"808","MALUS SP. NA","POMMIER MADELEINE",1
"809","MALUS SP. NA","POMMIER MADELEINE DE RENNES",1
"810","MALUS SP. NA","POMMIER MALTRANCHE DE RENNES",1
"811","MALUS SP. NA","POMMIER MARGUERITE DE PACE",1
"812","MALUS SP. NA","POMMIER MELROSE",2
"813","MALUS SP. NA","POMMIER MR PAUL",1
"814","MALUS SP. NA","POMMIER ONTARIO",1
"815","MALUS SP. NA","POMMIER ORGE PEPIN",1
"816","MALUS SP. NA","POMMIER ORGE PEPIN BLANC",1
"817","MALUS SP. NA","POMMIER ORGE PEPIN RAYE",1
"818","MALUS SP. NA","POMMIER ORGE PEPIN ROUGE",1
"819","MALUS SP. NA","POMMIER PATTE DE LOUP",1
"820","MALUS SP. NA","POMMIER PEPIN DE BOURGUEIL",1
"821","MALUS SP. NA","POMMIER PICHOU",1
"822","MALUS SP. NA","POMMIER PIED-COURT",1
"823","MALUS SP. NA","POMMIER POMME CLOCHE",1
"824","MALUS SP. NA","POMMIER POMME D'AMOUR",1
"825","MALUS SP. NA","POMMIER POMME D'OR",1
"826","MALUS SP. NA","POMMIER POMME DE BONN",1
"827","MALUS SP. NA","POMMIER POMME DE JUILLET",1
"828","MALUS SP. NA","POMMIER POMME PICHOUX (ST GILLES)",1
"829","MALUS SP. NA","POMMIER POMME POIRE",1
"830","MALUS SP. NA","POMMIER REINE DES REINETTES",1
"831","MALUS SP. NA","POMMIER REINETTE ANANAS",1
"832","MALUS SP. NA","POMMIER REINETTE BAUMAN",1
"833","MALUS SP. NA","POMMIER REINETTE BLANCHE DU CANADA",2
"834","MALUS SP. NA","POMMIER REINETTE CLOCHARD",3
"835","MALUS SP. NA","POMMIER REINETTE D'ARMORIQUE",2
"836","MALUS SP. NA","POMMIER REINETTE DE CAUX",1
"837","MALUS SP. NA","POMMIER REINETTE DE JUGON",1
"838","MALUS SP. NA","POMMIER REINETTE DE SAINTONGE",1
"839","MALUS SP. NA","POMMIER REINETTE DU POITOU",1
"840","MALUS SP. NA","POMMIER REINETTE DUBUISSON",1
"841","MALUS SP. NA","POMMIER REINETTE FRANCHE",1
"842","MALUS SP. NA","POMMIER REINETTE GRAND-MERE",1
"843","MALUS SP. NA","POMMIER REINETTE GRISE D'HIVER",1
"844","MALUS SP. NA","POMMIER REINETTE GRISE DU CANADA",1
"845","MALUS SP. NA","POMMIER REINETTE GRISE DU GRAND FAYE",1
"846","MALUS SP. NA","POMMIER REINETTE NORMANDE",1
"847","MALUS SP. NA","POMMIER REINETTE VERTE",1
"848","MALUS SP. NA","POMMIER REINETTE VIGAN",1
"849","MALUS SP. NA","POMMIER ROLLAND",1
"850","MALUS SP. NA","POMMIER ROUGET DE DOL",1
"851","MALUS SP. NA","POMMIER ROUGET DE DOL PRIME",1
"852","MALUS SP. NA","POMMIER ROUGET POINTE DE DOL",1
"853","MALUS SP. NA","POMMIER TEINT FRAIS",1
"854","MALUS SP. NA","POMMIER TRANSPARENTE DE CONCEL",1
"855","MALUS SP. NA","POMMIER VERSAILLES MAILLET/CESSON",1
"856","MALUS SP. NA","POMMIER VILLANDRY MAILLET/CESSON",1
"857","MALUS SP. NA","POMMIER VISTA BELLA",1
"858","MALUS SYLVESTRIS ","POMMIER",20
"859","MALUS TORINGO ","MALUS",5
"860","MALUS TSCHONOSKII ","MALUS",37
"861","MALUS TSCHONOSKII ","POMMIER",3
"862","MALUS X EVERESTE ","MALUS",57
"863","MALUS X EVERESTE ","MURIER A PAPIER",3
"864","MALUS X EVERESTE ","POMMIER",2
"865","MAULS NA NA","POMMIER",4
"866","MELEZE  ","MELEZE",1
"867","MELIA  ","MARGOUSIER",8
"868","MELIA AZEDARACH ","MARGOUSIER",10
"869","MELIA AZEDARACH ","MELIA",5
"870","MESPILUS DOMESTICA ","NEFLIER",1
"871","MESPILUS GERMANICA ","NEFLIER",34
"872","MESPILUS GERMANICA NA","NÉFLIER",1
"873","METASEQUOIA  ","SAPIN D'EAU",32
"874","METASEQUOIA GLYPTOSTROBOIDES ","SAPIN D'EAU",5
"875","METASEQUOIA GLYPTOSTROBOIDES NA","METASEQUOIA",1
"876","METASEQUOIA GLYPTOSTROBOIDES NA","METASEQUOIA GLYPTOSTROBOIDES",1
"877","METASEQUOIA GLYPTOSTROBOIDES NA","SÉQUOIA DE CHINE",1
"878","MILIA AZEDARACH NA","MARGOUSIER",1
"879","MORUS  ","MURIER",7
"880","MORUS ALBA ","MURIER",1
"881","MORUS ALBA NA","MURIER BLANC",19
"882","MORUS ALBA PENDULA","MURIER",1
"883","MORUS AUTRE ","MURIER",1
"884","MORUS BOMBYCIS NA","MURIER A FEUILLE DE PLATANE",2
"885","MORUS KAGAYAMAE ","MURIER",222
"886","MORUS KAGAYAMAE NA","MURIER PLATANE STÉRILE",1
"887","MORUS NIGRA ","MURIER",2
"888","MORUS SP. NA","MURIER",15
"889","NA NA NA","NON RENSEIGNÉE",2
"890","NON RENSEIGNÉ NA","ABIES SP",1
"891","NON RENSEIGNÉ NA","ACACIA PSEUDO",3
"892","NON RENSEIGNÉ NA","BOULEAU",55
"893","NON RENSEIGNÉ NA","BOULEAU VERR",3
"894","NON RENSEIGNÉ NA","CATALPA",5
"895","NON RENSEIGNÉ NA","CATALPA SP",7
"896","NON RENSEIGNÉ NA","CÈDRE VERT",2
"897","NON RENSEIGNÉ NA","CENT QUARANTE ET UN",1
"898","NON RENSEIGNÉ NA","CERISIER COM",1
"899","NON RENSEIGNÉ NA","CERISIER COMMUN",6
"900","NON RENSEIGNÉ NA","CHARME",25
"901","NON RENSEIGNÉ NA","CHAT COM",19
"902","NON RENSEIGNÉ NA","CHATAIGNER",8
"903","NON RENSEIGNÉ NA","CHÂTAIGNER",7
"904","NON RENSEIGNÉ NA","CHATAIGNER COMMUN",15
"905","NON RENSEIGNÉ NA","CHÂTAIGNER COMMUN",7
"906","NON RENSEIGNÉ NA","CHATAIGNIER COMMUN",19
"907","NON RENSEIGNÉ NA","CHATAINER COMMUN",1
"908","NON RENSEIGNÉ NA","CHATAINGER COMMUN",1
"909","NON RENSEIGNÉ NA","CHÊN PED",14
"910","NON RENSEIGNÉ NA","CHENE",1
"911","NON RENSEIGNÉ NA","CHÊNE D'AMÉRIQUE",72
"912","NON RENSEIGNÉ NA","CHENE D AMERIQUE",14
"913","NON RENSEIGNÉ NA","CHÊNE LIÈGE",2
"914","NON RENSEIGNÉ NA","CHENE PED",1
"915","NON RENSEIGNÉ NA","CHÊNE PED",97
"916","NON RENSEIGNÉ NA","CHÊNE PEDON",1
"917","NON RENSEIGNÉ NA","CHENE PEDONCULE",98
"918","NON RENSEIGNÉ NA","CHÊNE PEDONCULE",1
"919","NON RENSEIGNÉ NA","CHENE PÉDONCULÉ",27
"920","NON RENSEIGNÉ NA","CHENE SP",6
"921","NON RENSEIGNÉ NA","CHÊNE TAUZ",3
"922","NON RENSEIGNÉ NA","CHENE TAUZIN",2
"923","NON RENSEIGNÉ NA","CHÊNE TAUZIN",4
"924","NON RENSEIGNÉ NA","CONIFÈRE",5
"925","NON RENSEIGNÉ NA","CYPRES",1
"926","NON RENSEIGNÉ NA","DEUX CENT TRENTE SEPT",1
"927","NON RENSEIGNÉ NA","EPICEA ABIES",1
"928","NON RENSEIGNÉ NA","ÉRABLE",8
"929","NON RENSEIGNÉ NA","ERABLE CHAMPETRE",5
"930","NON RENSEIGNÉ NA","ERABLE COMMUN",2
"931","NON RENSEIGNÉ NA","ERABLE PLANCE",1
"932","NON RENSEIGNÉ NA","ERABLE SP",2
"933","NON RENSEIGNÉ NA","FRAXINUS EXCELSIOR",1
"934","NON RENSEIGNÉ NA","FRENE EXCELSIOR",14
"935","NON RENSEIGNÉ NA","HOUX COMMUN",7
"936","NON RENSEIGNÉ NA","KOELREUTERIA SP. PTEROCARYA FRAXINIFOLIA",3
"937","NON RENSEIGNÉ NA","MARRONNIER COMMUN",1
"938","NON RENSEIGNÉ NA","MERISIER COMMUN",7
"939","NON RENSEIGNÉ NA","NON RENSEIGNÉE",3
"940","NON RENSEIGNÉ NA","ORME A GRANDE FEUILLE",1
"941","NON RENSEIGNÉ NA","PEUPLIER",110
"942","NON RENSEIGNÉ NA","PEUPLIER COM",10
"943","NON RENSEIGNÉ NA","PEUPLIER D ITALIE",1
"944","NON RENSEIGNÉ NA","PIN À DEUX AIGUILLES",1
"945","NON RENSEIGNÉ NA","POMMIER",9
"946","NON RENSEIGNÉ NA","PRUNUS SP",1
"947","NON RENSEIGNÉ NA","PSEUDO-ACACIA",24
"948","NON RENSEIGNÉ NA","SALIX",3
"949","NON RENSEIGNÉ NA","SAPIN DOUGLAS",4
"950","NON RENSEIGNÉ NA","SAULE AP",15
"951","NON RENSEIGNÉ NA","THUYA SP",1
"952","NON RENSEIGNÉ NA","TILLEUL",2
"953","NON RENSEIGNÉ NA","TILLEUL SP",4
"954","NON RENSEIGNÉ NA","TUYA",3
"955","NON RENSEIGNÉ NA","X",6
"956","NYSSA SYLVATICA ","TUPELO",4
"957","NYSSA SYLVATICA ","TUPELO NOIR",2
"958","OLEA EUROPAEA NA","OLIVIER D'EUROPE",3
"959","OLEA EUROPEA NA","OLIVIER",2
"960","OSTRYA  ","CHARME HOUBLON",18
"961","OSTRYA AUTRE AUTRE","CHARME HOUBLON",2
"962","OSTRYA CARPINIFOLIA ","CHARME HOUBLON",455
"963","OSTRYA CARPINIFOLIA NA","CHARME HOUBLON",9
"964","PARROTIA  ","HETRE DE PERSE",8
"965","PARROTIA BILOBA ","HETRE DE PERSE",27
"966","PARROTIA PERSICA ","HETRE DE PERSE",67
"967","PARROTIA PERSICA NA","ARBRE DE FER",20
"968","PARROTIA PERSICA VANESSA","HETRE DE PERSE",7
"969","PARROTIOPSIS JACQUEMONTIANA ","PARROTIE",1
"970","PAULOWNIA  ","PAUMOWNIA",9
"971","PAULOWNIA AUTRE ","PAUMOWNIA",2
"972","PAULOWNIA IMPERIALIS ","PAUMOWNIA",13
"973","PAULOWNIA STILIGENSIS ","PAUMOWNIA",1
"974","PAULOWNIA TOMENTOSA ","PAULOWNIA",31
"975","PAULOWNIA TOMENTOSA ","PAUMOWNIA",19
"976","PAULOWNIA TOMENTOSA NA","PAULOWNIA",13
"977","PAULOWNIA TOMENTOSA NA","PAULOWNIA TOMENTEUX",21
"978","PAULOWNIA TOMENTOSA NA","POMMIER EVEREST",1
"979","PEUPLIER D'ITALIE NA","PEUPLIER D'ITALIE",1
"980","PHELLODENDRON SP. NA","PHELLODENDRON",3
"981","PHILLYREA LATIFOLIA ","FILAIRE A FEUILLES ETROITES",27
"982","PHOTINIA  ","PHOTINIA",1
"983","PHOTINIA FRASERI ","PHOTINIA",3
"984","PHOTINIA FRASERI RED ROBIN","PHOTINIA",4
"985","PHOTINIA X FRASERI RED ROBIN","PHOTINIA",5
"986","PICEA  ","EPICEA COMMUN",27
"987","PICEA ABIES NA","EPICEA COMMUN",17
"988","PICEA AUTRE ","EPICEA COMMUN",2
"989","PICEA AUTRE GLAUCA","EPICEA COMMUN",3
"990","PICEA EXCELSA ","EPICEA COMMUN",10
"991","PICEA KOSTERIANA GLAUCA","EPICEA COMMUN",1
"992","PICEA ORIENTALIS ","EPICEA COMMUN",1
"993","PICEA PUNGENS KOSTERIANA","EPICEA COMMUN",2
"994","PICEA SMITHIANA ","EPICEA COMMUN",2
"995","PINUS  ","PIN",496
"996","PINUS  AUSTRIACA","PIN",2
"997","PINUS  UMBRACULIFERA","PIN",1
"998","PINUS AUTRE ","PIN",8
"999","PINUS AUTRE AUTRE","PIN",2
"1000","PINUS BUNGEANA ","PIN",5
"1001","PINUS EXCELSA ","PIN",9
"1002","PINUS GRIFFITHII NA","PIN DE L'HIMALAYA",6
"1003","PINUS INSIGNIS ","PIN",35
"1004","PINUS MUGO ","PIN",2
"1005","PINUS MUGO MUGHUS","PIN",1
"1006","PINUS NA NA","PIN",6
"1007","PINUS NIGRA ","PIN",146
"1008","PINUS NIGRA AUSTRIACA","PIN",90
"1009","PINUS NIGRA AUTRE","PIN",7
"1010","PINUS NIGRA CORSICANA","PIN",3
"1011","PINUS NIGRA LARICIO","PIN",9
"1012","PINUS NIGRA NA","PIN NOIR",97
"1013","PINUS NIGRA NA","PIN NOIR D'AUTRICHE",2
"1014","PINUS PARVIFLORA ","PIN",1
"1015","PINUS PARVIFLORA GLAUCA","PIN",3
"1016","PINUS PINASTER ","PIN",52
"1017","PINUS PINASTER NA","PIN MARITIME",16
"1018","PINUS PINEA ","PIN",35
"1019","PINUS PINEA NA","PIN PARASOL",2
"1020","PINUS PONDEROSA ","PIN",1
"1021","PINUS PONDEROSA NA","PIN JAUNE",8
"1022","PINUS RADIATA ","PIN",4
"1023","PINUS SP. NA","PIN",90
"1024","PINUS STROBUS NA","PIN WEYMOUTH",5
"1025","PINUS SYLVATICA ","PIN",8
"1026","PINUS SYLVESTRIS ","PIN",281
"1027","PINUS SYLVESTRIS NA","PIN SYLVESTRE",50
"1028","PINUS SYLVESTRIS WATERERI","PIN",1
"1029","PINUS WALLICHIANA NA","PIN DE L'HIMALAYA",6
"1030","PIRUS CALLERYANA NA","POIRIER DE CHINE",9
"1031","PLATANUS  ","PLATANE",48
"1032","PLATANUS ACERIFOLIA ","PLATANE",3
"1033","PLATANUS ACERIFOLIA NA","PLATANE A FEUILLES D'ERABLE",33
"1034","PLATANUS AUTRE ","PLATANE",8
"1035","PLATANUS HISPANICA NA","PEUPLIER CANADIEN",16
"1036","PLATANUS HISPANICA NA","PLATANE",38
"1037","PLATANUS HISPANICA NA","PLATANE COMMUN",59
"1038","PLATANUS ORIENTALIS ","PLATANE",39
"1039","PLATANUS ORIENTALIS NA","PLATANE D'ORIENT",4
"1040","PLATANUS SP. NA","PLATANE",174
"1041","PLATANUS SP. NA","PLATANE HYBRIDE",1
"1042","PLATANUS X ACERIFOLIA","PLATANE COMMUN",6
"1043","PLATANUS X ACERIFOLIA ","MURIER A PAPIER",8
"1044","PLATANUS X ACERIFOLIA ","PLATANE",2273
"1045","PLATANUS X EUCHLORA ","PLATANE",1
"1046","PLATANUS X HISPANICA ","PLATANE",22
"1047","PLATYCLADUS ORIENTALIS NA","THUYA D'ORIENT",1
"1048","POPULUS  ","PEUPLIER",27
"1049","POPULUS  ITALICA","PEUPLIER",17
"1050","POPULUS ALBA ","PEUPLIER",93
"1051","POPULUS ALBA AUTRE","PEUPLIER",3
"1052","POPULUS ALBA NA","PEUPLIER BLANC",11
"1053","POPULUS AUTRE ","PEUPLIER",94
"1054","POPULUS AUTRE AUTRE","PEUPLIER",1
"1055","POPULUS ITALICA NA","PEUPLIER D'ITALIE",24
"1056","POPULUS LASIOCARPA ","PEUPLIER",1
"1057","POPULUS NIGRA ","PEUPLIER",13
"1058","POPULUS NIGRA ITALICA","PEUPLIER",93
"1059","POPULUS NIGRA ITALICA","PEUPLIER D'ITALIE",14
"1060","POPULUS NIGRA NA","PEUPLIER NOIR",103
"1061","POPULUS SP NA","PEUPLIER",2
"1062","POPULUS SP. NA","PEUPLIER",24
"1063","POPULUS TREMULA ","PEUPLIER",18
"1064","POPULUS TREMULA NA","PEUPLIER TREMBLE",36
"1065","POPULUS TREMULA NA","TREMBLE",10
"1066","POPULUS TREMULOIDES NA","PEUPLIER FAUX TREMBLE",38
"1067","POPULUS TREMULOIDES NA","TREMBLE",8
"1068","POPULUS X CANADENSIS","PEUPLIER CANADIEN",22
"1069","POPULUS X CANADENSIS","PLATANE COMMUN",3
"1070","POPULUS X CANESCENS","PEUPLIER GRISARD",11
"1071","POPULUS X NA","PEUPLIER HYBRIDE",17
"1072","PRUMNOPITYS ANDINA ","IF CHILIEN",1
"1073","PRUNUS  ","CERISIER",407
"1074","PRUNUS  ACCOLADE","CERISIER",18
"1075","PRUNUS  AUTUMNALIS","CERISIER",1
"1076","PRUNUS  FASTIGIATA","CERISIER",1
"1077","PRUNUS  MIRABELLE DE NANCY","CERISIER",6
"1078","PRUNUS  MOSERI","CERISIER",1
"1079","PRUNUS  NEW RED","CERISIER",1
"1080","PRUNUS  PISSARDII","CERISIER",24
"1081","PRUNUS  REINE CLAUDE DOREE","CERISIER",3
"1082","PRUNUS  SHIROFUGEN","CERISIER",1
"1083","PRUNUS  TAIHAKU","CERISIER",2
"1084","PRUNUS ACCOLADE ","CERISIER",17
"1085","PRUNUS ACCOLADE ACCOLADE","CERISIER",1
"1086","PRUNUS ACCOLADE PISSARDII","CERISIER",1
"1087","PRUNUS AMERICANA ","CERISIER",1
"1088","PRUNUS AMYGDALUS ","CERISIER",5
"1089","PRUNUS ARMENIACA NA","ABRICOTIER",4
"1090","PRUNUS AUTRE ","CERISIER",35
"1091","PRUNUS AUTRE AMANOGAWA","CERISIER",1
"1092","PRUNUS AUTRE AUTRE","CERISIER",11
"1093","PRUNUS AUTRE MIRABELLE DE NANCY","CERISIER",3
"1094","PRUNUS AUTRE NEW RED","CERISIER",2
"1095","PRUNUS AUTRE PISSARDII","CERISIER",1
"1096","PRUNUS AVIUM ","CERISIER",276
"1097","PRUNUS AVIUM 'PLENA'","CERISIER",1
"1098","PRUNUS AVIUM AUTRE","CERISIER",3
"1099","PRUNUS AVIUM FLORE PLENA","CERISIER",3
"1100","PRUNUS AVIUM FLORE PLENO","CERISIER",7
"1101","PRUNUS AVIUM NA","MERISIER",59
"1102","PRUNUS AVIUM NA","MERISIER COMMUN",65
"1103","PRUNUS AVIUM NA","MERISIER DES OISEAUX",1
"1104","PRUNUS AVIUM NA","PRUNELIER",7
"1105","PRUNUS AVIUM PLENA","CERISIER",267
"1106","PRUNUS AVIUM PLENA","MURIER A PAPIER",9
"1107","PRUNUS BIGARREAU ","CERISIER",6
"1108","PRUNUS BIGARREAU AUTRE","CERISIER",1
"1109","PRUNUS BIGARREAU CŒUR DE PIGEON","CERISIER",3
"1110","PRUNUS CERASIFERA ","CERISIER",9
"1111","PRUNUS CERASIFERA 'PISSARDII'","PRUNIER PISSARD",88
"1112","PRUNUS CERASIFERA ATROPURPUREA","PRUNIER MYROBOLAN",1
"1113","PRUNUS CERASIFERA NA","CERISIER À FLEURS",5
"1114","PRUNUS CERASIFERA NA","PRUNIER MYROBOLAN",76
"1115","PRUNUS CERASIFERA NIGRA","CERISIER",36
"1116","PRUNUS CERASIFERA PISSARDII","CERISIER",85
"1117","PRUNUS CERASUS ","CERISIER",7
"1118","PRUNUS CERASUS AUTRE","CERISIER",2
"1119","PRUNUS CERASUS CŒUR DE PIGEON","CERISIER",3
"1120","PRUNUS CERASUS NA","CERISIER",26
"1121","PRUNUS CERASUS NA","CERISIER ACIDE",11
"1122","PRUNUS CERASUS NEW RED","CERISIER",1
"1123","PRUNUS DOMESTICA ","CERISIER",29
"1124","PRUNUS DOMESTICA ","PRUNIER",2
"1125","PRUNUS DOMESTICA AUTRE","CERISIER",11
"1126","PRUNUS DOMESTICA MIRABELLE DE NANCY","CERISIER",16
"1127","PRUNUS DOMESTICA NA","CERISIER DOMESTIQUE",4
"1128","PRUNUS DOMESTICA NA","PRUNIER",15
"1129","PRUNUS DOMESTICA NA","PRUNIER DOMESTIQUE",1
"1130","PRUNUS DOMESTICA QUETSCHE D'ALSACE","CERISIER",1
"1131","PRUNUS DOMESTICA REINE CLAUDE BAVAY","CERISIER",2
"1132","PRUNUS DOMESTICA REINE CLAUDE D'OULINS","CERISIER",1
"1133","PRUNUS DOMESTICA REINE CLAUDE DOREE","CERISIER",2
"1134","PRUNUS DULCIS ","CERISIER",2
"1135","PRUNUS DULCIS ROSEA","CERISIER",1
"1136","PRUNUS DURACINA NA","CERISIER DOMESTIQUE",40
"1137","PRUNUS EXCELSA ","CERISIER",1
"1138","PRUNUS FRUTICOSA GLOBOSA","CERISIER",7
"1139","PRUNUS HILLIERI SPIRE","CERISIER",1
"1140","PRUNUS LAUROCERASUS NA","LAURIER DU PORTUGAL",9
"1141","PRUNUS LUSITANICA ","CERISIER",4
"1142","PRUNUS LUSITANICA NA","LAURIER DU PORTUGAL",2
"1143","PRUNUS LUSITANICA VARIEGATA","CERISIER",1
"1144","PRUNUS MAACKII ","CERISIER",7
"1145","PRUNUS MAACKII AMBER BEAUTY","CERISIER",150
"1146","PRUNUS MAACKII AMBER BEAUTY","PRUNIER",5
"1147","PRUNUS MYROBOLAN ","CERISIER",3
"1148","PRUNUS MYROBOLAN NA","CERISIER MYROBOLAN",1
"1149","PRUNUS NA NA","PRUNUS",31
"1150","PRUNUS PADUS ","CERISIER",96
"1151","PRUNUS PADUS NA","CERISIER",1
"1152","PRUNUS PADUS NA","CERISIER A GRAPPES",9
"1153","PRUNUS PANDORA ","CERISIER",21
"1154","PRUNUS PERSICA ","CERISIER",3
"1155","PRUNUS PERSICA AUTRE","CERISIER",2
"1156","PRUNUS PERSICA NA","PECHER",25
"1157","PRUNUS PERSICA PECHE DE VIGNE","CERISIER",1
"1158","PRUNUS PERSICA SANGUINE","CERISIER",2
"1159","PRUNUS SARGENTII ","CERISIER",2
"1160","PRUNUS SARGENTII ACCOLADE","CERISIER",55
"1161","PRUNUS SEROTINA ","CERISIER",1
"1162","PRUNUS SERRATA ","CERISIER",7
"1163","PRUNUS SERRULA ","CERISIER",24
"1164","PRUNUS SERRULA AUTUMNALIS","CERISIER",1
"1165","PRUNUS SERRULA KANZAN","CERISIER",2
"1166","PRUNUS SERRULA NEW RED","CERISIER",1
"1167","PRUNUS SERRULA SHIROFUGEN","CERISIER",1
"1168","PRUNUS SERRULA TIBETICA","CERISIER",17
"1169","PRUNUS SERRULA X","CERISIER FLEURS",1
"1170","PRUNUS SERRULA X","CERISIERS FLEURS",2
"1171","PRUNUS SERRULATA ","CERISIER",226
"1172","PRUNUS SERRULATA 'KANZAN'","CERISIER",3
"1173","PRUNUS SERRULATA AMANOGAWA","CERISIER",10
"1174","PRUNUS SERRULATA AUTRE","CERISIER",8
"1175","PRUNUS SERRULATA HISAKURA","CERISIER",17
"1176","PRUNUS SERRULATA JAMES H. WEITCH","CERISIER",1
"1177","PRUNUS SERRULATA KANZAN","CERISIER",319
"1178","PRUNUS SERRULATA LOBEL","CERISIER",1
"1179","PRUNUS SERRULATA NA","CERISER DU JAPON",1
"1180","PRUNUS SERRULATA NA","CERISIER À FLEURS",22
"1181","PRUNUS SERRULATA NA","CERISIER DU JAPON",119
"1182","PRUNUS SERRULATA NEW RED","CERISIER",9
"1183","PRUNUS SERRULATA SHIROFUGEN","CERISIER",8
"1184","PRUNUS SERRULATA SHIROTAE","CERISIER",5
"1185","PRUNUS SERRULATA STRICTA","CERISIER",3
"1186","PRUNUS SERRULATA SUNSET BOULEVARD","CERISIER",46
"1187","PRUNUS SERRULATA TAIHAKU","CERISIER",41
"1188","PRUNUS SP NA","CERISIER",17
"1189","PRUNUS SP. NA","PRUNIER D'ORÉE",2
"1190","PRUNUS SP. NA","PRUNUS",421
"1191","PRUNUS SPINOSA NA","PRUNELIER",2
"1192","PRUNUS SPINOSA NA","PRUNELLIER",1
"1193","PRUNUS SPIRE FASTIGIÉ","CERISIER",1
"1194","PRUNUS SUBER AUTUMNALIS","CERISIER",3
"1195","PRUNUS SUBHIRTELLA ","CERISIER",45
"1196","PRUNUS SUBHIRTELLA 'AUTUMNALIS'","CERISIER",1
"1197","PRUNUS SUBHIRTELLA ACCOLADE","CERISIER",17
"1198","PRUNUS SUBHIRTELLA AUTUMNALIS","CERISIER",477
"1199","PRUNUS SUBHIRTELLA AUTUMNALIS ROSEA","CERISIER",2
"1200","PRUNUS SUBHIRTELLA OMBRELLA","CERISIER",3
"1201","PRUNUS SUBHIRTELLA PENDULA","CERISIER",1
"1202","PRUNUS SUBHIRTELLA PENDULA ROSEA","CERISIER",1
"1203","PRUNUS SYLVESTRIS ","CERISIER",2
"1204","PRUNUS X BLIREANA MOSERI","CERISIER",10
"1205","PRUNUS X YEDOENSIS ","CERISIER",78
"1206","PRUNUS X YEDOENSIS ","MURIER A PAPIER",16
"1207","PSEUDOTSUGA  ","SAPIN DE DOUGLAS",11
"1208","PSEUDOTSUGA DOUGLASII ","SAPIN DE DOUGLAS",22
"1209","PSEUDOTSUGA DOUGLASII GLAUCA","SAPIN DE DOUGLAS",1
"1210","PSEUDOTSUGA DOUGLASII NA","SAPIN DE DOUGLAS",62
"1211","PSEUDOTSUGA MENZIESII ","SAPIN DE DOUGLAS",16
"1212","PSEUDOTSUGA MENZIESII NA","DOUGLAS",5
"1213","PTELEA TRIFOLIATA ","ORME DE SAMARIE",6
"1214","PTEROCARYA  ","NOYER DU CAUCASE",12
"1215","PTEROCARYA FRAXINIFOLIA ","NOYER",1
"1216","PTEROCARYA FRAXINIFOLIA ","NOYER DU CAUCASE",20
"1217","PTEROCARYA FRAXINIFOLIA NA","PTEROCARYA",2
"1218","PUNICA GRANATUM ","GRENADIER",6
"1219","PYRUS  ","POIRIER",56
"1220","PYRUS  AUTRE","POIRIER",1
"1221","PYRUS  BEURRE HARDY","POIRIER",4
"1222","PYRUS  CONFERENCE","POIRIER",7
"1223","PYRUS  CURE","POIRIER",4
"1224","PYRUS  DOYENNE DU COMICE","POIRIER",3
"1225","PYRUS  WILLIAMS","POIRIER",5
"1226","PYRUS  WILLIAMS ROUGE ®","POIRIER",3
"1227","PYRUS AUTRE ","POIRIER",7
"1228","PYRUS AUTRE AUTRE","POIRIER",10
"1229","PYRUS CALLERYANA ","POIRIER",5
"1230","PYRUS CALLERYANA 'CHANTICLEER'","POIRIER",10
"1231","PYRUS CALLERYANA AUTRE","POIRIER",5
"1232","PYRUS CALLERYANA CAPITAL","POIRIER",2
"1233","PYRUS CALLERYANA CHANTICLEER","POIRIER",745
"1234","PYRUS CALLERYANA NA","POIRIER DE CHINE",328
"1235","PYRUS COMMUNIS ","POIRIER",19
"1236","PYRUS COMMUNIS AUTRE","POIRIER",19
"1237","PYRUS COMMUNIS BEURRE HARDY","POIRIER",8
"1238","PYRUS COMMUNIS CONFERENCE","POIRIER",16
"1239","PYRUS COMMUNIS DOYENNE DU COMICE","POIRIER",8
"1240","PYRUS COMMUNIS NA","CERISIER DOMESTIQUE",2
"1241","PYRUS COMMUNIS NA","POIRIER",21
"1242","PYRUS COMMUNIS NA","POIRIER BEURRE CLAIRGEAU",6
"1243","PYRUS COMMUNIS NA","POIRIER BEURRE D'AMANLIS",1
"1244","PYRUS COMMUNIS NA","POIRIER BEURRE GIFFARD",2
"1245","PYRUS COMMUNIS NA","POIRIER BEURRE HARDY",1
"1246","PYRUS COMMUNIS NA","POIRIER BONNE FEMME",1
"1247","PYRUS COMMUNIS NA","POIRIER CANON ROSA",1
"1248","PYRUS COMMUNIS NA","POIRIER COMTESSE DE PARIS",2
"1249","PYRUS COMMUNIS NA","POIRIER CONFERENCE",6
"1250","PYRUS COMMUNIS NA","POIRIER DOCTEUR JULES GUYOT",7
"1251","PYRUS COMMUNIS NA","POIRIER DOMESTIQUE",22
"1252","PYRUS COMMUNIS NA","POIRIER DOYENNE DU COMICE",5
"1253","PYRUS COMMUNIS NA","POIRIER DOYENNE DU COMINE",2
"1254","PYRUS COMMUNIS NA","POIRIER DRAP D'OR",2
"1255","PYRUS COMMUNIS NA","POIRIER DUC DE BORDEAUX",1
"1256","PYRUS COMMUNIS NA","POIRIER DUCHESSE",2
"1257","PYRUS COMMUNIS NA","POIRIER DUCHESSE D'ANGOULEME",2
"1258","PYRUS COMMUNIS NA","POIRIER GRAND CHAMPION",2
"1259","PYRUS COMMUNIS NA","POIRIER JEANNE D'ARC",1
"1260","PYRUS COMMUNIS NA","POIRIER LOUISE BONNE D'AVRANCHES",2
"1261","PYRUS COMMUNIS NA","POIRIER MARGUERITE",2
"1262","PYRUS COMMUNIS NA","POIRIER MARGUERITE MARILLAT",2
"1263","PYRUS COMMUNIS NA","POIRIER PASSE CRASSANE",1
"1264","PYRUS COMMUNIS NA","POIRIER POIRE A CUIRE CURE",5
"1265","PYRUS COMMUNIS NA","POIRIER POIRE D'HIVER",1
"1266","PYRUS COMMUNIS NA","POIRIER SAINT LOUIS",1
"1267","PYRUS COMMUNIS NA","POIRIER SUPER COMICE",1
"1268","PYRUS COMMUNIS NA","POIRIER WILLIAM'S DUCHESSE",2
"1269","PYRUS COMMUNIS NA","POIRIER WILLIAM'S JAUNE D'OR",3
"1270","PYRUS COMMUNIS NA","POIRIER WILLIAM BON CHRETIEN",1
"1271","PYRUS COMMUNIS NA","PRUNIER REINE CLAUDE DIAPHANE",2
"1272","PYRUS COMMUNIS WILLIAMS","POIRIER",3
"1273","PYRUS COMMUNIS WILLIAMS ROUGE ®","POIRIER",1
"1274","PYRUS DOMESTICA ","POIRIER",3
"1275","PYRUS MAACKII AMBER BEAUTY","POIRIER",1
"1276","PYRUS RUBRA ","POIRIER",1
"1277","PYRUS SALICIFOLIA NA","POIRIER A FEUILLES DE SAULE",4
"1278","PYRUS SP NA","POIRIER",1
"1279","PYRUS SP. NA","POIRIER",18
"1280","QUERCUS  ","CHENE",691
"1281","QUERCUS  PHELLOS","CHENE",19
"1282","QUERCUS ACUTIFOLIA NA","CHENE D'ACATENANGO",2
"1283","QUERCUS ACUTISSIMA NA","CHENE A FEUILLES DE CHATAIGNIER",2
"1284","QUERCUS ALBA ","CHENE",1
"1285","QUERCUS AUTRE ","CHENE",62
"1286","QUERCUS CANARIENSIS ","CHENE",1
"1287","QUERCUS CASTANAEFOLIA ","CHENE",6
"1288","QUERCUS CASTANEIFOLIA ","CHENE",2
"1289","QUERCUS CERRIS ","CHENE",422
"1290","QUERCUS CERRIS NA","CHÊNE CECILE",6
"1291","QUERCUS CERRIS NA","CHÊNE CERRIS",3
"1292","QUERCUS CERRIS NA","CHENE CHEVELU",150
"1293","QUERCUS CERRIS NA","CHÊNE CHEVELU",10
"1294","QUERCUS COCCINEA ","CHENE",8
"1295","QUERCUS COCCINEA COCCINEA","CHENE",23
"1296","QUERCUS COCCINEA NA","CHENE ECARLATE",4
"1297","QUERCUS DENTATA ","CHENE",1
"1298","QUERCUS DENUDATA ","CHENE",5
"1299","QUERCUS FRAINETTO ","CHENE",6
"1300","QUERCUS FRAINETTO NA","CHENE DE HONGRIE",53
"1301","QUERCUS GLAUCA NA","CHENE BLEU DU JAPON",5
"1302","QUERCUS ILEX ","CHENE",585
"1303","QUERCUS ILEX NA","CHENE VERT",23
"1304","QUERCUS ILEX NA","CHÊNE VERT",32
"1305","QUERCUS MIRBECKII ","CHENE",45
"1306","QUERCUS NA NA","CHENE",2
"1307","QUERCUS NA NA","CHÊNE",64
"1308","QUERCUS NA NA","NON RENSEIGNÉE",1
"1309","QUERCUS PALUSTRIS ","CHENE",1374
"1310","QUERCUS PALUSTRIS NA","CHENE DES MARAIS",658
"1311","QUERCUS PALUSTRIS NA","CHÊNE DES MARAIS",155
"1312","QUERCUS PALUSTRIS RUBRA","CHENE",54
"1313","QUERCUS PEDONCULA ","CHENE",20
"1314","QUERCUS PETRAEA ","CHENE",79
"1315","QUERCUS PETRAEA NA","CHENE ROUVRE",7
"1316","QUERCUS PUBESCENS NA","CHENE PUBESCENT",1
"1317","QUERCUS PYRENAICA NA","CHÊNE TAUZIN",5
"1318","QUERCUS ROBUR ","CHENE",2127
"1319","QUERCUS ROBUR ATROPURPUREA","CHENE",1
"1320","QUERCUS ROBUR AUTRE","CHENE",1
"1321","QUERCUS ROBUR FASTIGIATA","CHENE",15
"1322","QUERCUS ROBUR NA","CHÊNE DES MARAIS",3
"1323","QUERCUS ROBUR NA","CHENE PEDONCULE",1705
"1324","QUERCUS ROBUR NA","CHÊNE PÉDONCULÉ",2914
"1325","QUERCUS ROBUR NA","HÊTRE COMMUN",1
"1326","QUERCUS ROBUR NA","MERISIER COMMUN",2
"1327","QUERCUS ROBUR PYRAMIDALIS","CHENE",1
"1328","QUERCUS RUBRA ","CHENE",679
"1329","QUERCUS RUBRA NA","CH?NE ROUGE D'AMÉRIQUE",1
"1330","QUERCUS RUBRA NA","CHÊN ROUGE",1
"1331","QUERCUS RUBRA NA","CHÊNE ROUGE",3
"1332","QUERCUS RUBRA NA","CHENE ROUGE D'AMERIQUE",310
"1333","QUERCUS RUBRA NA","CHÊNE ROUGE D'AMÉRIQUE",1
"1334","QUERCUS SINENSIS ","CHENE",1
"1335","QUERCUS SP. NA","CHENE",3
"1336","QUERCUS SUBER ","CHENE",18
"1337","QUERCUS X EUCHLORA ","CHENE",5
"1338","REINETTE D'ARMORIQUE NA","POMMIER",6
"1339","RHAMNUS ALATERNUS ","BOURDAINE",1
"1340","RHUS THYPHINA ","SUMAC DE VIRGINIE",1
"1341","RHUS TYPHINA ","SUMAC DE VIRGINIE",1
"1342","ROBINIA  ","ROBINIER",30
"1343","ROBINIA AUTRE AUTRE","ROBINIER",2
"1344","ROBINIA BESSONIANA ","ROBINIER",1
"1345","ROBINIA PSEUDO ACACIA","ROBINIER FAUX ACACIA",9
"1346","ROBINIA PSEUDOACACIA ","ROBINIER",55
"1347","ROBINIA PSEUDOACACIA 'FRISIA'","ACACIA DORÉ",1
"1348","ROBINIA PSEUDOACACIA 'UMBRACULIFERA'","ROBINIER",14
"1349","ROBINIA PSEUDOACACIA AMBIGUA DECAISNEANA","ROBINIER",1
"1350","ROBINIA PSEUDOACACIA AUTRE","ROBINIER",1
"1351","ROBINIA PSEUDOACACIA FRISIA","ROBINIER",15
"1352","ROBINIA PSEUDOACACIA NA","ROBINIER FAUX-ACACIA",70
"1353","ROBINIA PSEUDOACACIA UMBRACULIFERA","ROBINIER",71
"1354","ROBINIA PSEUDOACACIA UNIFOLIA","ROBINIER",405
"1355","SAISIE MS 2022.00","NON RENSEIGNÉE",1
"1356","SAISIE MS 2022.02","NON RENSEIGNÉE",1
"1357","SALIX  ","SAULE",51
"1358","SALIX  TRISTIS","SAULE",2
"1359","SALIX ACERIFOLIA ","SAULE",7
"1360","SALIX ALBA ","MURIER A PAPIER",14
"1361","SALIX ALBA ","SAULE",80
"1362","SALIX ALBA AUTRE","SAULE",23
"1363","SALIX ALBA CHERMESINA","SAULE",67
"1364","SALIX ALBA LIEMPDE","SAULE",1
"1365","SALIX ALBA NA","SAULE BLANC",121
"1366","SALIX ALBA TETARD","SAUL",1
"1367","SALIX ALBA TETARD","SAULE",8
"1368","SALIX ALBA TRISTIS","SAULE",15
"1369","SALIX AUTRE ","SAULE",35
"1370","SALIX AUTRE AUTRE","SAULE",6
"1371","SALIX BABYLONICA ","SAULE",29
"1372","SALIX BABYLONICA 'TORTUOSA'","SAULE TORTUEUX",10
"1373","SALIX BABYLONICA NA","SAULE PLEUREUR",40
"1374","SALIX BABYLONICA PENDULA","SAULE",3
"1375","SALIX CAPREA ","SAULE",12
"1376","SALIX CAPREA NA","SAULE BLANC",1
"1377","SALIX CAPREA NA","SAULE MARSAULT",110
"1378","SALIX CINEREA NA","SAULE CENDRE",1
"1379","SALIX HOOKERIANUM ","SAULE",1
"1380","SALIX INTEGRA NA","SAULE CREVETTE",1
"1381","SALIX MATSUDANA 'TORTUOSA'","SAULE TORTUEUX",1
"1382","SALIX NA NA","SAULE",28
"1383","SALIX PENDULA NA","SAULE MARSAULT",1
"1384","SALIX PENDULA NA","SAULE PLEUREUR",4
"1385","SALIX ROSEMARINIFOLIA ","SAULE",1
"1386","SALIX SACCHARINUM ","SAULE",3
"1387","SALIX SACHALINENSIS SEKKA","SAULE",1
"1388","SALIX SP. NA","SAULE",7
"1389","SALIX VIMINALIS ","SAULE",15
"1390","SALIX VIMINALIS AUTRE","SAULE",20
"1391","SALIX VIMINALIS NA","SAULE DES VANNIERS",3
"1392","SAMBUCUS  ","SUREAU",2
"1393","SAMBUCUS NIGRA ","SUREAU",2
"1394","SAMBUCUS NIGRA LACINATIA","SUREAU",2
"1395","SAMBUCUS NIGRA NA","SUREAU NOIR",2
"1396","SASSAFRAS ALBIDUM ","LAURIER DES IROQUOIS",8
"1397","SCIADOPITYS VERTICILLATA ","PIN PARASOL DU JAPON",3
"1398","SEQUOIA  ","SEQUOIA",15
"1399","SEQUOIA GIGANTEA ","SEQUOIA",12
"1400","SEQUOIA SEMPERVIRENS ","SEQUOIA",41
"1401","SEQUOIA SEMPERVIRENS NA","SEQUOIA A FEUILLES D IF",1
"1402","SEQUOIA SEMPERVIRENS NA","SEQUOIA SEMPERVIRENS",1
"1403","SEQUOIA SEMPERVIRENS NA","SEQUOIA SEMPERVIRENT",1
"1404","SEQUOIADENDRON GIGANTEA ","SEQUOIA",6
"1405","SEQUOIADENDRON GIGANTEUM NA","SEQUOIA GEANT",5
"1406","SEQUOIADENDRON GIGANTEUM NA","WELLINGTONIA",2
"1407","SOBUS TORMINALIS NA","ALISIER TORMINAL",1
"1408","SOPHORA  ","ARBRE AUX PAGODES",12
"1409","SOPHORA JAPONICA ","ABRE AUX PAGODES",2
"1410","SOPHORA JAPONICA ","ARBRE AUX PAGODES",248
"1411","SOPHORA JAPONICA NA","SOPHORA DU JAPON",10
"1412","SOPHORA JAPONICA PENDULA","ARBRE AUX PAGODES",2
"1413","SOPHORA JAPONICA PENDULA","SOPHORA",3
"1414","SORBARIA SORBIFOLIA ","FAUSSE SPIREE",1
"1415","SORBUS  ","SORBIER",45
"1416","SORBUS ARIA ","SORBIER",3
"1417","SORBUS ARIA ALBA","SORBIER",1
"1418","SORBUS ARIA MAGNIFICA","SORBIER",10
"1419","SORBUS ARIA NA","ALISIER BLANC",25
"1420","SORBUS AUCUPARIA ","SORBIER",66
"1421","SORBUS AUCUPARIA AUTRE","SORBIER",1
"1422","SORBUS AUCUPARIA NA","SORBIER DES OISELEURS",14
"1423","SORBUS AUTRE FASTIGIATA","SORBIER",1
"1424","SORBUS DOMESTICA ","SORBIER",26
"1425","SORBUS DOMESTICA AUTRE","SORBIER",2
"1426","SORBUS DOMESTICA NA","CORMIER",25
"1427","SORBUS HYBRIDA NA","ALISIER DE FINLANDE",1
"1428","SORBUS INTERMEDIA ","SORBIER",1
"1429","SORBUS INTERMEDIA NA","ALISIER DE SUEDE",16
"1430","SORBUS SP. NA","SORBIER",1
"1431","SORBUS TORMINALIS ","SORBIER",80
"1432","SORBUS TORMINALIS NA","ALISIER TORMINAL",7
"1433","SORBUS TORMINALIS NA","ALIZIER TORMINAL",1
"1434","STAPHYLLEA COLCHICA ","FAUX PISTACHIER",11
"1435","STEWARTIA PERSICA ","CAMELIA SOYEUX",1
"1436","STEWARTIA PSEUDOCAMELIA ","CAMELIA SOYEUX",2
"1437","STYPHNOLOBIUM JAPONICUM ","SOPHORA DU JAPON",9
"1438","STYPHNOLOBIUM JAPONICUM PENDULA","SOPHORA DU JAPON",1
"1439","STYRAX JAPONICA ","ALIBOUFIER",1
"1440","STYRAX JAPONICUM ","ALIBOUFIER",1
"1441","STYRAX JAPONICUS ","ALIBOUFIER",1
"1442","SYRINGA  ","LILAS",1
"1443","SYRINGA AMURENSIS ","LILAS",4
"1444","SYRINGA AUTRE ","LILAS",6
"1445","SYRINGA CHINENSIS ","LILAS",1
"1446","SYRINGA VULGARIS ","LILAS",2
"1447","SYRINGA VULGARIS AUTRE","LILAS",1
"1448","TAXODIUM  ","CYPRES",4
"1449","TAXODIUM DISTICHUM ","CYPRES",121
"1450","TAXODIUM DISTICHUM ","TAXODIUM",1
"1451","TAXODIUM DISTICHUM NA","CYPRÈS CHAUVE",6
"1452","TAXUS  ","IF",109
"1453","TAXUS AUTRE AUREA","IF",1
"1454","TAXUS BACCATA ","IF",333
"1455","TAXUS BACCATA 'FASTIGIATA'","IF D'IRLANDE",1
"1456","TAXUS BACCATA FASTIGIATA","IF",34
"1457","TAXUS BACCATA FASTIGIATA","IF FASTIGIÉ",2
"1458","TAXUS BACCATA NA","IF",6
"1459","TAXUS BACCATA NA","IF COMMUN",91
"1460","TAXUS X MEDIA","IF",6
"1461","TEST MAJ MS2","NON RENSEIGNÉE",1
"1462","TETRADIUM DANIELII NA","ARBRE A MIEL",1
"1463","TETRADIUM DANIELLII NA","ARBRE A MIEL",4
"1464","THUJA OCCIDENTALIS NA","THUYA",1
"1465","THUJA OCCIDENTALIS NA","THUYA OCCIDENTAL",2
"1466","THUJA PLICATA NA","THUYA GEANT",1
"1467","THUJA SP. NA","THUYA",4
"1468","THUJOPSIS  ","THUYA DU JAPON",1
"1469","THUJOPSIS DOLABRATA ","THUYA DU JAPON",1
"1470","THUYA  ","THUYA",34
"1471","THUYA  EMERAUDE","THUYA",1
"1472","THUYA  ZEBRINA","THUYA",1
"1473","THUYA AUTRE AUREA","THUYA",1
"1474","THUYA BACCATA ","THUYA",3
"1475","THUYA CORÉE ","THUYA",1
"1476","THUYA KORAIENSIS ","THUYA",1
"1477","THUYA OCCIDENTALIS ","THUYA",1
"1478","THUYA ORIENTALIS ","THUYA",1
"1479","THUYA ORIENTALIS EMERAUDE","THUYA",19
"1480","THUYA PLICATA ","THUYA",40
"1481","THUYA PLICATA ATROVIRENS","THUYA",1
"1482","THUYA PLICATA VARIEGATA","THUYA",2
"1483","THUYA PLICATA ZEBRINA","THUYA",7
"1484","TILIA  ","TILLEUL",176
"1485","TILIA  PALLIDA","TILLEUL",9
"1486","TILIA AMERICANA MACROPHYLLA","TILLEUL",3
"1487","TILIA ARGENTEA ","TILLEUL",7
"1488","TILIA AUTRE ","TILLEUL",37
"1489","TILIA CORDATA ","BOTILLEULULEAU",1
"1490","TILIA CORDATA ","TILLEUL",104
"1491","TILIA CORDATA NA","ERABLE PLANE",3
"1492","TILIA CORDATA NA","TILLEUL À PETITE FEUILLE",42
"1493","TILIA CORDATA NA","TILLEUL A PETITES FEUILLES",170
"1494","TILIA CORDATA NA","TILLEUL À PETITES FEUILLES",1
"1495","TILIA CORDATA NA","TILLEUL COMMUN",15
"1496","TILIA HENRYANA ","TILLEUL",10
"1497","TILIA HENRYANA NA","TILLEUL DE HENRY",6
"1498","TILIA LACINIATA ","TILLEUL",18
"1499","TILIA PLATYPHYLLOS ","TILLEUL",936
"1500","TILIA PLATYPHYLLOS LACINATIA","TILLEUL",2
"1501","TILIA PLATYPHYLLOS NA","TILLEUL A GRANDES FEUILLES",196
"1502","TILIA PLATYPHYLLOS NA","TILLEUL À GRANDES FEUILLES",3
"1503","TILIA SP NA","TILLEUL",14
"1504","TILIA SP. NA","TILLEUL",130
"1505","TILIA TOMENTOSA ","TILLEUL",827
"1506","TILIA TOMENTOSA NA","TILLEUL ARGENTE",63
"1507","TILIA X EUCHLORA ","TILLEUL",2783
"1508","TILIA X EUCHLORA PALLIDA","TILLEUL",34
"1509","TILLEUL TOMENTOSA NA","TILLEUL ARGENTE",1
"1510","TOONA SINENSIS FLAMINGO","CEDRELE DE CHINE",1
"1511","TORREYA GRANDIS ","TORREYA DE CHINE",6
"1512","TRACHYCARPUS  ","PALMIER CHANVRE",17
"1513","TRACHYCARPUS FORTUNEI ","PALMIER CHANVRE",8
"1514","TRACHYCARPUS FORTUNEI NA","PALMIER DE CHINE",13
"1515","TRACHYCARPUS WASHINGTONIA NA","PALMIER DE CHINE",1
"1516","TSUGA  ","TSUGA",4
"1517","TSUGA CANADENSIS ","TSUGA",1
"1518","TUJA NA NA","THUYA",23
"1519","ULMUS 'RESISTA' NA","ORME 'RESISTA'",19
"1520","ULMUS  ","ORME",40
"1521","ULMUS  FASTIGIATA","ORME",1
"1522","ULMUS AMERICANA ","ORME",1
"1523","ULMUS AMERICANA NA","ORME D'AMERIQUE",1
"1524","ULMUS AUTRE ","ORME",2
"1525","ULMUS AUTRE LOBEL","ORME",3
"1526","ULMUS CAMPESTRIS ","ORME",1
"1527","ULMUS CORDATA ","ORME",1
"1528","ULMUS GLABRA ","ORME",18
"1529","ULMUS GLABRA EXONIENSIS","ORME",16
"1530","ULMUS GLABRA NA","ORME COMMUN",1
"1531","ULMUS HOLLANDICA AUTRE","ORME",1
"1532","ULMUS HOLLANDICA FASTIGIATA","ORME",6
"1533","ULMUS HOLLANDICA LOBEL","ORME",33
"1534","ULMUS JAPONICA X","ULMUS JAPONICA X WILSON ACCOLADE",4
"1535","ULMUS KAGAYAMAE EXONIENSIS","ORME",2
"1536","ULMUS MINOR ","ORME",24
"1537","ULMUS RESISTA SAPPORO GOLD","ORME",65
"1538","ULMUS SP. NA","ORME",3
"1539","ULMUS X HOLANDIA","ORME DE HOLLANDE",5
"1540","VIBURNUM  ","VIORNE",6
"1541","VIBURNUM RHYTIDOPHYLLUM ","VIORNE",1
"1542","VITIS VINIFERA NA","VIGNE",12
"1543","XANTHOCYPARIS NOOTKASENSIS ","CYPRES",1
"1544","ZELKOVA  ","ORME DU JAPON",1
"1545","ZELKOVA CARPINIFOLIA ","ORME DU JAPON",99
"1546","ZELKOVA CARPINIFOLIA NA","ORME DU CAUCASE",21
"1547","ZELKOVA CRENATA ","ORME DU JAPON",67
"1548","ZELKOVA CRENATA GREEN VASE","ORME DU JAPON",5
"1549","ZELKOVA CRENATA NA","ORME DE SIBERIE",1
"1550","ZELKOVA SERRATA ","ORME DU JAPON",13
"1551","ZELKOVA SERRATA NA","ZELKOVA DU JAPON",19
